archive_path,file_name,internal_family,grouped_family,style,full_name,postscript_name,license_status,license_name_or_basis,evidence,source_or_local_file,commercial_use_recommendation,notes,embedded_license_desc,embedded_license_url,embedded_copyright
ANTSYPAN.TTF,ANTSYPAN.TTF,AntsyPants,AntsyPants,Regular,AntsyPants,AntsyPants,Commercial-free use,1001Fonts Free For Commercial Use License (FFC),bundled 1001Fonts EULA / readme,local 1001fonts-*-eula.txt,OK for commercial use,Allows personal and commercial use; do not sell/publish the font files as a standalone font product.,,,(c) 1999 Nick Curtis. All Rights Reserved. Generated by Fontographer 3.52
Acme-Regular.ttf,Acme-Regular.ttf,Acme,Acme,Regular,Acme,Acme-Regular,Commercial-free use,SIL Open Font License 1.1,embedded metadata / bundled OFL / Google Fonts / 1001Fonts,local metadata or bundled OFL; https://openfontlicense.org/; https://fonts.google.com/faq,OK for commercial use,OFL permits commercial use and redistribution/bundling subject to OFL terms; do not sell the font by itself.,"This Font Software is licensed under the SIL Open Font License, Version 1.1. This license is available with a FAQ at: http://scripts.sil.org/OFL",http://scripts.sil.org/OFL,"Copyright (c) 2011 by Juan Pablo del Peral (huertatipografica.com.ar), , with Reserved Font Name ""Acme"""
Anton.ttf,Anton.ttf,Anton,Anton,Regular,Anton,Anton,Commercial-free use,SIL Open Font License 1.1,embedded metadata / bundled OFL / Google Fonts / 1001Fonts,local metadata or bundled OFL; https://openfontlicense.org/; https://fonts.google.com/faq,OK for commercial use,OFL permits commercial use and redistribution/bundling subject to OFL terms; do not sell the font by itself.,,http://scripts.sil.org/OFL,Copyright (c) 2011 by vernon adams. All rights reserved.
Bangers.ttf,Bangers.ttf,Bangers,Bangers,Regular,Bangers,Bangers-Regular,Commercial-free use,SIL Open Font License 1.1,embedded metadata / bundled OFL / Google Fonts / 1001Fonts,local metadata or bundled OFL; https://openfontlicense.org/; https://fonts.google.com/faq,OK for commercial use,OFL permits commercial use and redistribution/bundling subject to OFL terms; do not sell the font by itself.,,,Copyright (c) 2011 by Vernon Adams. All rights reserved.
Blenda Script.otf,Blenda Script.otf,Blenda Script,Blenda Script,Regular,Blenda Script,BlendaScript,Commercial-free use,Free for personal and commercial use,DaFont,https://www.dafont.com/blenda-script.font,OK for commercial use,DaFont page explicitly lists free personal and commercial use.,,,Copyright (c) 2014 by Seniors Studio. All rights reserved.
Boogaloo-Regular.ttf,Boogaloo-Regular.ttf,Boogaloo,Boogaloo,Regular,Boogaloo,Boogaloo-Regular,Commercial-free use,SIL Open Font License 1.1,embedded metadata / bundled OFL / Google Fonts / 1001Fonts,local metadata or bundled OFL; https://openfontlicense.org/; https://fonts.google.com/faq,OK for commercial use,OFL permits commercial use and redistribution/bundling subject to OFL terms; do not sell the font by itself.,"This Font Software is licensed under the SIL Open Font License, Version 1.1. This license is available with a FAQ at: http://scripts.sil.org/OFL",http://scripts.sil.org/OFL,"Copyright (c) 2011, John Vargas Beltran (www.johnvargasbeltran.com|john.vargasbeltran@gmail.com), with Reserved Font Name ""Boogaloo""."
BrassLBr.ttf,BrassLBr.ttf,Brasspounder,Brasspounder,Regular,Brasspounder,Brasspounder,Commercial-free use,Design Science License,embedded copyright notice,local metadata,OK for commercial use,"Free/open-style license, but old/copyleft; preserve notices and verify redistribution obligations.",,,Brasspounder © Starving-4 Entertainment. 2002. This font is licensed under the terms of the Design Science Licence: http://dsl.org/copyleft/dsl.txt
BrasspSC.ttf,BrasspSC.ttf,Brasspounder SC,Brasspounder SC,Regular,Brasspounder SC,BrasspounderSC,Commercial-free use,Design Science License,embedded copyright notice,local metadata,OK for commercial use,"Free/open-style license, but old/copyleft; preserve notices and verify redistribution obligations.",,,Brasspounder SC © Starving-4 Entertainment. 2002. This font is licensed under the terms of the Design Science Licence: http://dsl.org/copyleft/dsl.txt
Bristol.otf,Bristol.otf,Bristol,Bristol,Regular,Bristol,Bristol,Commercial-free use,SIL Open Font License 1.1,embedded metadata / bundled OFL / Google Fonts / 1001Fonts,local metadata or bundled OFL; https://openfontlicense.org/; https://fonts.google.com/faq,OK for commercial use,OFL permits commercial use and redistribution/bundling subject to OFL terms; do not sell the font by itself.,,,Copyright (c) 2016 by Jovanny Lemonad. All rights reserved.
CatShop.ttf,CatShop.ttf,CatShop,CatShop,Regular,CatShop,CatShop,Commercial-free use,SIL Open Font License 1.1,embedded metadata / bundled OFL / Google Fonts / 1001Fonts,local metadata or bundled OFL; https://openfontlicense.org/; https://fonts.google.com/faq,OK for commercial use,OFL permits commercial use and redistribution/bundling subject to OFL terms; do not sell the font by itself.,GPL- General Public License AND OFL-Open Font License,http://www.fsf.org/licenses/gpl.html AND http://scripts.sil.org/OFL,"Copyright (c) 2009 by Peter Wiegel.   Open Font under Terms of following Free Software Licenses:
GPL (General Public License) with font-exception and OFL (Open Font License"
ChelseaMarket-Regular.ttf,ChelseaMarket-Regular.ttf,Chelsea Market,Chelsea Market,Regular,Chelsea Market,ChelseaMarket-Regular,Commercial-free use,SIL Open Font License 1.1,embedded metadata / bundled OFL / Google Fonts / 1001Fonts,local metadata or bundled OFL; https://openfontlicense.org/; https://fonts.google.com/faq,OK for commercial use,OFL permits commercial use and redistribution/bundling subject to OFL terms; do not sell the font by itself.,"This Font Software is licensed under the SIL Open Font License, Version 1.1. This license is available with a FAQ at: http://scripts.sil.org/OFL",http://scripts.sil.org/OFL,"Copyright (c) 2011 by Font Diner, Inc DBA Tart Workshop (diner@fontdiner.com) with Reseved Font Name ""Chelsea Market"""
Chicle-Regular.ttf,Chicle-Regular.ttf,Chicle,Chicle,Regular,Chicle Regular,Chicle-Regular,Commercial-free use,SIL Open Font License 1.1,embedded metadata / bundled OFL / Google Fonts / 1001Fonts,local metadata or bundled OFL; https://openfontlicense.org/; https://fonts.google.com/faq,OK for commercial use,OFL permits commercial use and redistribution/bundling subject to OFL terms; do not sell the font by itself.,"This Font Software is licensed under the SIL Open Font License,
Version 1.1. This license is available with a FAQ at:
http://scripts.sil.org/OFL",http://scripts.sil.org/OFL,"Copyright (c) 2007 Angel Koziupa (sudtipos@sudtipos.com),
Copyright (c) 2007 Alejandro Paul (sudtipos@sudtipos.com),
with Reserved Font Name ""Chicle"""
Electronic Highway Sign.TTF,Electronic Highway Sign.TTF,Electronic Highway Sign,Electronic Highway Sign,Regular,Electronic Highway Sign,electronichighwaysign,Commercial-free use,Freeware,Fonts4Free,https://www.fonts4free.net/electronic-highway-sign-font.html,OK for commercial use,Listed free for personal and commercial usage.,,,
FasterOne-Regular.ttf,FasterOne-Regular.ttf,Faster One,Faster One,Regular,Faster One,FasterOne-Regular,Commercial-free use,SIL Open Font License 1.1,embedded metadata / bundled OFL / Google Fonts / 1001Fonts,local metadata or bundled OFL; https://openfontlicense.org/; https://fonts.google.com/faq,OK for commercial use,OFL permits commercial use and redistribution/bundling subject to OFL terms; do not sell the font by itself.,"This Font Software is licensed under the SIL Open Font License, Version 1.1. This license is available with a FAQ at: http://scripts.sil.org/OFL",http://scripts.sil.org/OFL,"Copyright (c) 2012, Eduardo Tunni (http://www.tipo.net.ar), with Reserved Font Name 'Faster'"
Flexi IBM/Flexi_IBM_VGA_False.ttf,Flexi_IBM_VGA_False.ttf,Flexi IBM VGA False,Flexi IBM VGA family,Regular,Flexi IBM VGA False,Flexi_IBM_VGA_False,Commercial-free use,Creative Commons Attribution-ShareAlike 4.0,embedded metadata,https://creativecommons.org/licenses/by-sa/4.0/,OK for commercial use,Commercial use permitted with attribution and ShareAlike obligations for adaptations.,Creative Commons Attribution-ShareAlike 4.0 International,http://creativecommons.org/licenses/by-sa/4.0/,(c) 2020 VileR
Flexi IBM/Flexi_IBM_VGA_False_437.ttf,Flexi_IBM_VGA_False_437.ttf,Flexi IBM VGA False (437),Flexi IBM VGA family,Regular,Flexi IBM VGA False (437),Flexi_IBM_VGA_False_437,Commercial-free use,Creative Commons Attribution-ShareAlike 4.0,embedded metadata,https://creativecommons.org/licenses/by-sa/4.0/,OK for commercial use,Commercial use permitted with attribution and ShareAlike obligations for adaptations.,Creative Commons Attribution-ShareAlike 4.0 International,http://creativecommons.org/licenses/by-sa/4.0/,(c) 2020 VileR
Flexi IBM/Flexi_IBM_VGA_True.ttf,Flexi_IBM_VGA_True.ttf,Flexi IBM VGA True,Flexi IBM VGA family,Regular,Flexi IBM VGA True,Flexi_IBM_VGA_True,Commercial-free use,Creative Commons Attribution-ShareAlike 4.0,embedded metadata,https://creativecommons.org/licenses/by-sa/4.0/,OK for commercial use,Commercial use permitted with attribution and ShareAlike obligations for adaptations.,Creative Commons Attribution-ShareAlike 4.0 International,http://creativecommons.org/licenses/by-sa/4.0/,(c) 2020 VileR
Flexi IBM/Flexi_IBM_VGA_True_437.ttf,Flexi_IBM_VGA_True_437.ttf,Flexi IBM VGA True (437),Flexi IBM VGA family,Regular,Flexi IBM VGA True (437),Flexi_IBM_VGA_True_437,Commercial-free use,Creative Commons Attribution-ShareAlike 4.0,embedded metadata,https://creativecommons.org/licenses/by-sa/4.0/,OK for commercial use,Commercial use permitted with attribution and ShareAlike obligations for adaptations.,Creative Commons Attribution-ShareAlike 4.0 International,http://creativecommons.org/licenses/by-sa/4.0/,(c) 2020 VileR
FredokaOne-Regular.ttf,FredokaOne-Regular.ttf,Fredoka One,Fredoka One,Regular,Fredoka One Regular,FredokaOne-Regular,Commercial-free use,SIL Open Font License 1.1,embedded metadata / bundled OFL / Google Fonts / 1001Fonts,local metadata or bundled OFL; https://openfontlicense.org/; https://fonts.google.com/faq,OK for commercial use,OFL permits commercial use and redistribution/bundling subject to OFL terms; do not sell the font by itself.,,,"Copyright (c) 2011 Milena B Brandao (milenabbrandao@gmail.com), with Reserved Font Name ""Fredoka"""
GFSDidot-Regular.ttf,GFSDidot-Regular.ttf,GFS Didot,GFS Didot,Regular,GFS Didot Regular,GFSDidot-Regular,Commercial-free use,SIL Open Font License 1.1,embedded metadata / bundled OFL / Google Fonts / 1001Fonts,local metadata or bundled OFL; https://openfontlicense.org/; https://fonts.google.com/faq,OK for commercial use,OFL permits commercial use and redistribution/bundling subject to OFL terms; do not sell the font by itself.,"This Font Software is Copyright (c) 2001-2006, Greek Font Society (http://www.greekfontsociety.org).

All Rights Reserved.



""GFS Didot"" is a Reserved Font Name for this Font Software.



This Font Software is licensed under the SIL Open Font License, Version 1.1.
No modification of the license is permitted, only verbatim copy is allowed.

This license is copied below, and is also available with a FAQ at:

http://scripts.sil.org/OFL





-----------------------------------------------------------

SIL OPEN FONT LICENSE Version 1.1-review1 - 18 March 2006

-----------------------------------------------------------



PREAMBLE

The goals of the Open Font License (OFL) are to stimulate worldwide

development of collaborative font projects, to support the font creation

efforts of academic and linguistic communities, and to provide a free and

open framework in which fonts may be shared and improved in partnership

with others.



The OFL allows the licensed fonts to be used, studied, modified and

redistributed freely as long as they are not sold by themselves. The

fonts, including any derivative works, can be bundled, embedded, 

redistributed and/or sold with any software provided that the font

names of derivative works are changed. The fonts and derivatives,

however, cannot be released under any other type of license. This

requirement does not affect any document created using the

fonts or their derivatives.



DEFINITIONS

""Font Software"" refers to any and all of the following:

	- font files

	- data files

	- source files

	- documentation



""Reserved Font Name"" refers to the Font Software name as seen by

users and any other names as specified after the copyright statement.



""Original Version"" refers to the collection of Font Software

components as distributed by the Copyright Holder.



""Modified Version"" refers to any derivative font software made by

adding to, deleting, or substituting -- in part or in whole --

any of the components of the Original Version, by changing formats

or by porting the Font Software to a new environment.



""Author"" refers to any designer, engineer, programmer, technical

writer or other person who contributed to the Font Software.



PERMISSION & CONDITIONS

Permission is hereby granted, free of charge, to any person obtaining

a copy of the Font Software, to use, study, copy, merge, embed, modify,

redistribute, and sell modified and unmodified copies of the Font

Software, subject to the following conditions:



1) Neither the Font Software nor any of its individual components,

in Original or Modified Versions, may be sold by itself.



2) Original or Modified Versions of the Font Software may be bundled,

redistributed and/or sold with any software, provided that each copy

contains the above copyright notice and this license. These can be

included either as stand-alone text files, human-readable headers or

in the appropriate machine-readable metadata fields within text or

binary files as long as those fields can be easily viewed by the user.



3) No Modified Version of the Font Software may use the Reserved Font

Name(s) unless explicit written permission is granted by the Copyright

Holder. This restriction applies to all references stored in the Font

Software, such as the font menu name and other font description fields,

which are used to differentiate the font from others.



4) The name(s) of the Copyright Holder or the Author(s) of the Font

Software shall not be used to promote, endorse or advertise any

Modified Version, except to acknowledge the contribution(s) of the

Copyright Holder and the Author(s) or with their explicit written

permission.



5) The Font Software, modified or unmodified, in part or in whole,

must be distributed entirely under this license, and may not be

distributed under any other license. This requirement does not affect

any document created using the Font Software.



TERMINATION

This license becomes null and void if any of the above conditions are

not met.



DISCLAIMER

THE FONT SOFTWARE IS PROVIDED ""AS IS"", WITHOUT WARRANTY OF ANY KIND,

EXPRESS OR IMPLIED, INCLUDING BUT NOT LIMITED TO ANY WARRANTIES OF

MERCHANTABILITY, FITNESS FOR A PARTICULAR PURPOSE AND NONINFRINGEMENT

OF COPYRIGHT, PATENT, TRADEMARK, OR OTHER RIGHT. IN NO EVENT SHALL THE

COPYRIGHT HOLDER BE LIABLE FOR ANY CLAIM, DAMAGES OR OTHER LIABILITY,

INCLUDING ANY GENERAL, SPECIAL, INDIRECT, INCIDENTAL, OR CONSEQUENTIAL

DAMAGES, WHETHER IN AN ACTION OF CONTRACT, TORT OR OTHERWISE, ARISING

FROM, OUT OF THE USE OR INABILITY TO USE THE FONT SOFTWARE OR FROM

OTHER DEALINGS IN THE FONT SOFTWARE.",http://scripts.sil.org/OFL,"Copyright (c) Takis Katsoulidis and George D. Matthiopoulos, 2001. All rights reserved."
GOODDP__.TTF,GOODDP__.TTF,GoodDog Plain,GoodDog Plain,Regular,GoodDog Plain,GoodDogPlain,Commercial-free use,Freeware / commercial use allowed,1001Fonts / Adobe Fonts / FontPalace,https://www.1001fonts.com/gooddog-font.html,OK for commercial use,Listed free for commercial use by common font sites; Adobe Fonts also licenses it for commercial use via Adobe subscription.,,,©1996 Ethan Dunham ‐ Fonthead Design
GWIBBLE_.TTF,GWIBBLE_.TTF,Gwibble,Gwibble,Regular,Gwibble,Gwibble,Commercial-free use,1001Fonts FFC / 100% Free,DaFont / 1001Fonts,https://www.1001fonts.com/gwibble-font.html,OK for commercial use,Listed free for commercial use.,,,Generated by Fontographer 4.1
Hardman.ttf,Hardman.ttf,Hardman,Hardman,Regular,Hardman,Hardman,Commercial-free use,GPL and OFL dual license,embedded metadata,local metadata,OK for commercial use,Commercial use is allowed under open-source terms; comply with selected license.,GPL- General Public License AND OFL-Open Font License,http://www.fsf.org/licenses/gpl.html AND http://scripts.sil.org/OFL,"Copyright (c) 2012 by Peter Wiegel.   Open Font under Terms of following Free Software Licenses:
GPL (General Public License) with font-exception and OFL (Open Font License"
IMFe/IMFePIit29P.ttf,IMFePIit29P.ttf,IM FELL DW Pica,IM FELL DW Pica family,Italic,IM FELL DW Pica Italic,IM_FELL_DW_Pica_Italic,Commercial-free use,SIL Open Font License 1.1,embedded metadata / bundled OFL / Google Fonts / 1001Fonts,local metadata or bundled OFL; https://openfontlicense.org/; https://fonts.google.com/faq,OK for commercial use,OFL permits commercial use and redistribution/bundling subject to OFL terms; do not sell the font by itself.,"This Font Software is licensed under the SIL Open Font License, Version 1.1.",http://scripts.sil.org/OFL,© 2007 Igino Marini (www.iginomarini.com) With Reserved Font Name IM FELL DW Pica Italic
IMFe/IMFePIrm29P.ttf,IMFePIrm29P.ttf,IM FELL DW Pica,IM FELL DW Pica family,Regular,IM FELL DW Pica Roman,IM_FELL_DW_Pica_Roman,Commercial-free use,SIL Open Font License 1.1,embedded metadata / bundled OFL / Google Fonts / 1001Fonts,local metadata or bundled OFL; https://openfontlicense.org/; https://fonts.google.com/faq,OK for commercial use,OFL permits commercial use and redistribution/bundling subject to OFL terms; do not sell the font by itself.,"This Font Software is licensed under the SIL Open Font License, Version 1.1.",http://scripts.sil.org/OFL,© 2007 Igino Marini (www.iginomarini.com) With Reserved Font Name IM FELL DW Pica Roman
IMFe/IMFePIsc29P.ttf,IMFePIsc29P.ttf,IM FELL DW Pica SC,IM FELL DW Pica family,Regular,IM FELL DW Pica SC,IM_FELL_DW_Pica_SC,Commercial-free use,SIL Open Font License 1.1,embedded metadata / bundled OFL / Google Fonts / 1001Fonts,local metadata or bundled OFL; https://openfontlicense.org/; https://fonts.google.com/faq,OK for commercial use,OFL permits commercial use and redistribution/bundling subject to OFL terms; do not sell the font by itself.,"This Font Software is licensed under the SIL Open Font License, Version 1.1.",http://scripts.sil.org/OFL,© 2007 Igino Marini (www.iginomarini.com) With Reserved Font Name IM FELL DW Pica SC
LapsusPro-Bold.otf,LapsusPro-Bold.otf,Lapsus Pro,Lapsus Pro,Bold,Lapsus Pro Bold,LapsusPro-Bold,Commercial-free use,SIL Open Font License 1.1,embedded metadata / bundled OFL / Google Fonts / 1001Fonts,local metadata or bundled OFL; https://openfontlicense.org/; https://fonts.google.com/faq,OK for commercial use,OFL permits commercial use and redistribution/bundling subject to OFL terms; do not sell the font by itself.,"SIL Open Font License, Version 1.1",http://scripts.sil.org/OFL,"Copyright (c) 2017, Jose Roses"
Lato/Lato-Regular.ttf,Lato-Regular.ttf,Lato,Lato,Regular,Lato Regular,Lato-Regular,Commercial-free use,SIL Open Font License 1.1,embedded metadata / bundled OFL / Google Fonts / 1001Fonts,local metadata or bundled OFL; https://openfontlicense.org/; https://fonts.google.com/faq,OK for commercial use,OFL permits commercial use and redistribution/bundling subject to OFL terms; do not sell the font by itself.,"Copyright (c) 2010-2011 by tyPoland Lukasz Dziedzic (http://www.typoland.com/) with Reserved Font Name ""Lato"". Licensed under the SIL Open Font License, Version 1.1 (http://scripts.sil.org/OFL).",http://scripts.sil.org/OFL,"Copyright (c) 2010-2011 by tyPoland Lukasz Dziedzic with Reserved Font Name ""Lato"". Licensed under the SIL Open Font License, Version 1.1."
LibreBaskerville/LibreBaskerville-Bold.ttf,LibreBaskerville-Bold.ttf,Libre Baskerville,Libre Baskerville,Bold,Libre Baskerville Bold,LibreBaskerville-Bold,Commercial-free use,SIL Open Font License 1.1,embedded metadata / bundled OFL / Google Fonts / 1001Fonts,local metadata or bundled OFL; https://openfontlicense.org/; https://fonts.google.com/faq,OK for commercial use,OFL permits commercial use and redistribution/bundling subject to OFL terms; do not sell the font by itself.,"This Font Software is licensed under the SIL Open Font License, Version 1.1. This license is available with a FAQ at: http://scripts.sil.org/OFL",http://scripts.sil.org/OFL,"Copyright (c) 2012, Pablo Impallari (www.impallari.com|impallari@gmail.com), 
Copyright (c) 2012, Rodrigo Fuenzalida (www.rfuenzalida.com|hello®rfuenzalida.com), with Reserved Font Name Libre Baskerville."
LibreBaskerville/LibreBaskerville-Italic.ttf,LibreBaskerville-Italic.ttf,Libre Baskerville,Libre Baskerville,Italic,Libre Baskerville Italic,LibreBaskerville-Italic,Commercial-free use,SIL Open Font License 1.1,embedded metadata / bundled OFL / Google Fonts / 1001Fonts,local metadata or bundled OFL; https://openfontlicense.org/; https://fonts.google.com/faq,OK for commercial use,OFL permits commercial use and redistribution/bundling subject to OFL terms; do not sell the font by itself.,"This Font Software is licensed under the SIL Open Font License, Version 1.1. This license is available with a FAQ at: http://scripts.sil.org/OFL",http://scripts.sil.org/OFL,"Copyright (c) 2012, Pablo Impallari (www.impallari.com|impallari@gmail.com), 
Copyright (c) 2012, Rodrigo Fuenzalida (www.rfuenzalida.com|hello®rfuenzalida.com), with Reserved Font Name Libre Baskerville."
LibreBaskerville/LibreBaskerville-Regular.ttf,LibreBaskerville-Regular.ttf,Libre Baskerville,Libre Baskerville,Regular,Libre Baskerville,LibreBaskerville-Regular,Commercial-free use,SIL Open Font License 1.1,embedded metadata / bundled OFL / Google Fonts / 1001Fonts,local metadata or bundled OFL; https://openfontlicense.org/; https://fonts.google.com/faq,OK for commercial use,OFL permits commercial use and redistribution/bundling subject to OFL terms; do not sell the font by itself.,"This Font Software is licensed under the SIL Open Font License, Version 1.1. This license is available with a FAQ at: http://scripts.sil.org/OFL",http://scripts.sil.org/OFL,"Copyright (c) 2012, Pablo Impallari (www.impallari.com|impallari@gmail.com), 
Copyright (c) 2012, Rodrigo Fuenzalida (www.rfuenzalida.com|hello®rfuenzalida.com), with Reserved Font Name Libre Baskerville."
Lobster.ttf,Lobster.ttf,Lobster,Lobster,Regular,Lobster,Lobster-Regular,Commercial-free use,SIL Open Font License 1.1,embedded metadata / bundled OFL / Google Fonts / 1001Fonts,local metadata or bundled OFL; https://openfontlicense.org/; https://fonts.google.com/faq,OK for commercial use,OFL permits commercial use and redistribution/bundling subject to OFL terms; do not sell the font by itself.,"This Font Software is licensed under the SIL Open Font License, Version 1.1. This license is available with a FAQ at: http://scripts.sil.org/OFL",http://scripts.sil.org/OFL,Copyright (c) 2010 by Pablo Impallari (www.impallari.com)
MervaleScript-Regular.ttf,MervaleScript-Regular.ttf,Mervale Script,Mervale Script,Regular,Mervale Script,MervaleScript-Regular,Commercial-free use,SIL Open Font License 1.1,embedded metadata / bundled OFL / Google Fonts / 1001Fonts,local metadata or bundled OFL; https://openfontlicense.org/; https://fonts.google.com/faq,OK for commercial use,OFL permits commercial use and redistribution/bundling subject to OFL terms; do not sell the font by itself.,"This Font Software is licensed under the SIL Open Font License,
Version 1.1. This license is available with a FAQ at:
http://scripts.sil.org/OFL",http://scripts.sil.org/OFL,"Copyright (c) 2012 by Brian J. Bonislawsky DBA Astigmatic (AOETI) (astigma@astigmatic.com), with Reserved
Font Name ""Mervale Script"""
Montserrat/Montserrat-Regular.ttf,Montserrat-Regular.ttf,Montserrat,Montserrat,Regular,Montserrat Regular,Montserrat-Regular,Commercial-free use,SIL Open Font License 1.1,embedded metadata / bundled OFL / Google Fonts / 1001Fonts,local metadata or bundled OFL; https://openfontlicense.org/; https://fonts.google.com/faq,OK for commercial use,OFL permits commercial use and redistribution/bundling subject to OFL terms; do not sell the font by itself.,"This Font Software is licensed under the SIL Open Font License, Version 1.1. This license is available with a FAQ at: http://scripts.sil.org/OFL",http://scripts.sil.org/OFL,Copyright 2011 The Montserrat Project Authors (https://github.com/JulietaUla/Montserrat)
OpenSans/OpenSansBold.ttf,OpenSansBold.ttf,Open Sans,Open Sans,Bold,Open Sans Bold,OpenSans-Bold,Commercial-free use,Apache License 2.0,embedded metadata / bundled license / Google Fonts,local metadata; https://www.apache.org/licenses/LICENSE-2.0; https://fonts.google.com/faq,OK for commercial use,Archive metadata/license indicates Apache 2.0; newer Google Fonts copies of some families may now be OFL.,"Licensed under the Apache License, Version 2.0",http://www.apache.org/licenses/LICENSE-2.0,"Digitized data copyright © 2010-2011, Google Corporation."
OpenSans/OpenSansLight.ttf,OpenSansLight.ttf,Open Sans,Open Sans,Light,Open Sans Light,OpenSans-Light,Commercial-free use,Apache License 2.0,embedded metadata / bundled license / Google Fonts,local metadata; https://www.apache.org/licenses/LICENSE-2.0; https://fonts.google.com/faq,OK for commercial use,Archive metadata/license indicates Apache 2.0; newer Google Fonts copies of some families may now be OFL.,"Licensed under the Apache License, Version 2.0",http://www.apache.org/licenses/LICENSE-2.0,"Digitized data copyright © 2010-2011, Google Corporation."
OpenSans/OpenSansRegular.ttf,OpenSansRegular.ttf,Open Sans,Open Sans,Regular,Open Sans,OpenSans,Commercial-free use,Apache License 2.0,embedded metadata / bundled license / Google Fonts,local metadata; https://www.apache.org/licenses/LICENSE-2.0; https://fonts.google.com/faq,OK for commercial use,Archive metadata/license indicates Apache 2.0; newer Google Fonts copies of some families may now be OFL.,"Licensed under the Apache License, Version 2.0",http://www.apache.org/licenses/LICENSE-2.0,"Digitized data copyright © 2010-2011, Google Corporation."
OpenSans/OpenSansSemibold.ttf,OpenSansSemibold.ttf,Open Sans,Open Sans,Semibold,Open Sans Semibold,OpenSans-Semibold,Commercial-free use,Apache License 2.0,embedded metadata / bundled license / Google Fonts,local metadata; https://www.apache.org/licenses/LICENSE-2.0; https://fonts.google.com/faq,OK for commercial use,Archive metadata/license indicates Apache 2.0; newer Google Fonts copies of some families may now be OFL.,"Licensed under the Apache License, Version 2.0",http://www.apache.org/licenses/LICENSE-2.0,"Digitized data copyright © 2011, Google Corporation."
Oregano-Italic.ttf,Oregano-Italic.ttf,Oregano,Oregano,Italic,Oregano Italic,Oregano-Italic,Commercial-free use,SIL Open Font License 1.1,embedded metadata / bundled OFL / Google Fonts / 1001Fonts,local metadata or bundled OFL; https://openfontlicense.org/; https://fonts.google.com/faq,OK for commercial use,OFL permits commercial use and redistribution/bundling subject to OFL terms; do not sell the font by itself.,"This Font Software is licensed under the SIL Open Font License,
Version 1.1. This license is available with a FAQ at:
http://scripts.sil.org/OFL",http://scripts.sil.org/OFL,"Copyright (c) 2012 by Brian J. Bonislawsky DBA Astigmatic (AOETI) (astigma@astigmatic.com), with Reserved
Font Name ""Oregano Italic"""
Oregano-Regular.ttf,Oregano-Regular.ttf,Oregano,Oregano,Regular,Oregano,Oregano-Regular,Commercial-free use,SIL Open Font License 1.1,embedded metadata / bundled OFL / Google Fonts / 1001Fonts,local metadata or bundled OFL; https://openfontlicense.org/; https://fonts.google.com/faq,OK for commercial use,OFL permits commercial use and redistribution/bundling subject to OFL terms; do not sell the font by itself.,"This Font Software is licensed under the SIL Open Font License,
Version 1.1. This license is available with a FAQ at:
http://scripts.sil.org/OFL",http://scripts.sil.org/OFL,"Copyright (c) 2012 by Brian J. Bonislawsky DBA Astigmatic (AOETI) (astigma@astigmatic.com), with Reserved
Font Name ""Oregano"""
Oswald-Bold.ttf,Oswald-Bold.ttf,Oswald,Oswald,Bold,Oswald Bold,Oswald-Bold,Commercial-free use,SIL Open Font License 1.1,embedded metadata / bundled OFL / Google Fonts / 1001Fonts,local metadata or bundled OFL; https://openfontlicense.org/; https://fonts.google.com/faq,OK for commercial use,OFL permits commercial use and redistribution/bundling subject to OFL terms; do not sell the font by itself.,,http://scripts.sil.org/OFL,Copyright (c) 2011-12 by vernon adams. All rights reserved.
PatuaOne-Regular.ttf,PatuaOne-Regular.ttf,Patua One,Patua One,Regular,Patua One,PatuaOne-Regular,Commercial-free use,SIL Open Font License 1.1,embedded metadata / bundled OFL / Google Fonts / 1001Fonts,local metadata or bundled OFL; https://openfontlicense.org/; https://fonts.google.com/faq,OK for commercial use,OFL permits commercial use and redistribution/bundling subject to OFL terms; do not sell the font by itself.,"This Font Software is licensed under the SIL Open Font License, Version 1.1. This license is available with a FAQ at: http://scripts.sil.org/OFL",http://scripts.sil.org/OFL,"Copyright (c) 2011 by LatinoType Limitada (info@latinotype.com),  with Reserved Font Names ""Patua"" and ""Patua One"""
Perfect DOS VGA 437.ttf,Perfect DOS VGA 437.ttf,Perfect DOS VGA 437,Perfect DOS VGA 437,Regular,Perfect DOS VGA 437,PerfectDOSVGA437,Commercial-free use,Freeware / 100% free,DaFont / Fonts4Free,https://www.dafont.com/perfect-dos-vga-437.font,OK for commercial use,Listed as 100% Free; other mirrors list free personal/commercial.,,,http://www.fatorcaos.com.br
PermanentMarker.ttf,PermanentMarker.ttf,Permanent Marker,Permanent Marker,Regular,Permanent Marker,PermanentMarker,Commercial-free use,Apache License 2.0,embedded metadata / bundled license / Google Fonts,local metadata; https://www.apache.org/licenses/LICENSE-2.0; https://fonts.google.com/faq,OK for commercial use,Archive metadata/license indicates Apache 2.0; newer Google Fonts copies of some families may now be OFL.,"Licensed under the Apache License, Version 2.0",http://www.apache.org/licenses/LICENSE-2.0,"Copyright (c) 2010 by Font Diner, Inc. All rights reserved."
PoetsenOne-Regular.ttf,PoetsenOne-Regular.ttf,PoetsenOne,PoetsenOne,Regular,PoetsenOne,PoetsenOne-Regular,Commercial-free use,SIL Open Font License 1.1,embedded metadata / bundled OFL / Google Fonts / 1001Fonts,local metadata or bundled OFL; https://openfontlicense.org/; https://fonts.google.com/faq,OK for commercial use,OFL permits commercial use and redistribution/bundling subject to OFL terms; do not sell the font by itself.,"This Font Software is licensed under the SIL Open Font License, Version 1.1. This license is available with a FAQ at: http://scripts.sil.org/OFL",http://scripts.sil.org/OFL,"Copyright (c) 2012, Pablo Impallari (www.impallari.com|impallari@gmail.com) and Rodrigo Fuenzalida (www.rfuenzalida.com), with Reserved Font Name Poetsen."
RICKSAMERICANNF.TTF,RICKSAMERICANNF.TTF,Ricks American NF,Ricks American NF,Regular,RicksAmericanNF,RicksAmericanNF,Commercial-free use,1001Fonts Free For Commercial Use License (FFC),bundled 1001Fonts EULA / readme,local 1001fonts-*-eula.txt,OK for commercial use,Allows personal and commercial use; do not sell/publish the font files as a standalone font product.,"By using or installing this font data, you (or you on behalf of your employer) agree to be bound by the terms of this Agreement. This Agreement constitutes the complete agreement between you and Nick's Fonts.

YOU MAY:

-Send a copy of any Nick's Fonts font data along with your documents to a commercial printer or other service bureau to enable the editing or printing of your document.

-Use this font data to embed fonts within PostScript files or PDF files for distribution, viewing, and imaging to third parties.

-Use this font for personal projects or for projects for which you are paid including, but not limited to, artwork, logotypes, personalized apparel, word art and web graphics.

YOU MAY NOT:

-Modify, adapt, translate, reverse engineer, decompile, disassemble or create derivative works based on the Nick's Fonts font data without Nick's Fonts's prior written consent.

-Sell this font data AS FONT DATA to a third party under any circumstances including, but not limited to, rubber-stamp alphabets, die-cut alphabets, rub-on alphabets, or digitized fonts for embroidery.
 
NICK'S FONTS SHALL NOT BE LIABLE FOR ANY DIRECT, INDIRECT, CONSEQUENTIAL OR INCIDENTAL DAMAGES ARISING OUT OF THE USE OF OR INABILITY TO USE THE NICK'S FONTS FONT DATA.",,"Copyright (c) 2002, 2006 Nick Curtis. All Rights Reserved. Distributed under the 1001Fonts Free For Commercial Use License (FFC) http://www.1001fonts.com/licenses/ffc.html - PayPal donations in any amount may be made at nicksfonts.com."
Ranchers-Regular.ttf,Ranchers-Regular.ttf,Ranchers,Ranchers,Regular,Ranchers,Ranchers-Regular,Commercial-free use,SIL Open Font License 1.1,embedded metadata / bundled OFL / Google Fonts / 1001Fonts,local metadata or bundled OFL; https://openfontlicense.org/; https://fonts.google.com/faq,OK for commercial use,OFL permits commercial use and redistribution/bundling subject to OFL terms; do not sell the font by itself.,"This Font Software is licensed under the SIL Open Font License, Version 1.1. This license is available with a FAQ at: http://scripts.sil.org/OFL",http://scripts.sil.org/OFL,"Copyright (c) 2012, Pablo Impallari (www.impallari.com|impallari@gmail.com), Brenda Gallo. (gbrenda1987@gmail.com), with Reserved Font Name Ranchers."
RifficFree-Bold.ttf,RifficFree-Bold.ttf,Riffic Free,Riffic Free,Bold,Riffic Free Bold,RifficFree-Bold,Commercial-free use,1001Fonts Free For Commercial Use License (FFC),bundled 1001Fonts EULA / readme,local 1001fonts-*-eula.txt,OK for commercial use,Allows personal and commercial use; do not sell/publish the font files as a standalone font product.,,,Copyright © 2016 by Inkyotter Design. All rights reserved.
Roboto/Roboto-Black.ttf,Roboto-Black.ttf,Roboto,Roboto,Black,Roboto Black,Roboto-Black,Commercial-free use,Apache License 2.0,embedded metadata / bundled license / Google Fonts,local metadata; https://www.apache.org/licenses/LICENSE-2.0; https://fonts.google.com/faq,OK for commercial use,Archive metadata/license indicates Apache 2.0; newer Google Fonts copies of some families may now be OFL.,"Licensed under the Apache License, Version 2.0",http://www.apache.org/licenses/LICENSE-2.0,Font data copyright Google 2012
Roboto/Roboto-BlackItalic.ttf,Roboto-BlackItalic.ttf,Roboto,Roboto,Black Italic,Roboto Black Italic,Roboto-BlackItalic,Commercial-free use,Apache License 2.0,embedded metadata / bundled license / Google Fonts,local metadata; https://www.apache.org/licenses/LICENSE-2.0; https://fonts.google.com/faq,OK for commercial use,Archive metadata/license indicates Apache 2.0; newer Google Fonts copies of some families may now be OFL.,"Licensed under the Apache License, Version 2.0",http://www.apache.org/licenses/LICENSE-2.0,Font data copyright Google 2012
Roboto/Roboto-Bold.ttf,Roboto-Bold.ttf,Roboto,Roboto,Bold,Roboto Bold,Roboto-Bold,Commercial-free use,Apache License 2.0,embedded metadata / bundled license / Google Fonts,local metadata; https://www.apache.org/licenses/LICENSE-2.0; https://fonts.google.com/faq,OK for commercial use,Archive metadata/license indicates Apache 2.0; newer Google Fonts copies of some families may now be OFL.,"Licensed under the Apache License, Version 2.0",http://www.apache.org/licenses/LICENSE-2.0,Font data copyright Google 2012
Roboto/Roboto-BoldItalic.ttf,Roboto-BoldItalic.ttf,Roboto,Roboto,Bold Italic,Roboto Bold Italic,Roboto-BoldItalic,Commercial-free use,Apache License 2.0,embedded metadata / bundled license / Google Fonts,local metadata; https://www.apache.org/licenses/LICENSE-2.0; https://fonts.google.com/faq,OK for commercial use,Archive metadata/license indicates Apache 2.0; newer Google Fonts copies of some families may now be OFL.,"Licensed under the Apache License, Version 2.0",http://www.apache.org/licenses/LICENSE-2.0,Font data copyright Google 2012
Roboto/Roboto-Italic.ttf,Roboto-Italic.ttf,Roboto,Roboto,Italic,Roboto Italic,Roboto-Italic,Commercial-free use,Apache License 2.0,embedded metadata / bundled license / Google Fonts,local metadata; https://www.apache.org/licenses/LICENSE-2.0; https://fonts.google.com/faq,OK for commercial use,Archive metadata/license indicates Apache 2.0; newer Google Fonts copies of some families may now be OFL.,"Licensed under the Apache License, Version 2.0",http://www.apache.org/licenses/LICENSE-2.0,Font data copyright Google 2012
Roboto/Roboto-Light.ttf,Roboto-Light.ttf,Roboto,Roboto,Light,Roboto Light,Roboto-Light,Commercial-free use,Apache License 2.0,embedded metadata / bundled license / Google Fonts,local metadata; https://www.apache.org/licenses/LICENSE-2.0; https://fonts.google.com/faq,OK for commercial use,Archive metadata/license indicates Apache 2.0; newer Google Fonts copies of some families may now be OFL.,"Licensed under the Apache License, Version 2.0",http://www.apache.org/licenses/LICENSE-2.0,Font data copyright Google 2012
Roboto/Roboto-LightItalic.ttf,Roboto-LightItalic.ttf,Roboto,Roboto,Light Italic,Roboto Light Italic,Roboto-LightItalic,Commercial-free use,Apache License 2.0,embedded metadata / bundled license / Google Fonts,local metadata; https://www.apache.org/licenses/LICENSE-2.0; https://fonts.google.com/faq,OK for commercial use,Archive metadata/license indicates Apache 2.0; newer Google Fonts copies of some families may now be OFL.,"Licensed under the Apache License, Version 2.0",http://www.apache.org/licenses/LICENSE-2.0,Font data copyright Google 2012
Roboto/Roboto-Medium.ttf,Roboto-Medium.ttf,Roboto,Roboto,Medium,Roboto Medium,Roboto-Medium,Commercial-free use,Apache License 2.0,embedded metadata / bundled license / Google Fonts,local metadata; https://www.apache.org/licenses/LICENSE-2.0; https://fonts.google.com/faq,OK for commercial use,Archive metadata/license indicates Apache 2.0; newer Google Fonts copies of some families may now be OFL.,"Licensed under the Apache License, Version 2.0",http://www.apache.org/licenses/LICENSE-2.0,Font data copyright Google 2012
Roboto/Roboto-MediumItalic.ttf,Roboto-MediumItalic.ttf,Roboto,Roboto,Medium Italic,Roboto Medium Italic,Roboto-MediumItalic,Commercial-free use,Apache License 2.0,embedded metadata / bundled license / Google Fonts,local metadata; https://www.apache.org/licenses/LICENSE-2.0; https://fonts.google.com/faq,OK for commercial use,Archive metadata/license indicates Apache 2.0; newer Google Fonts copies of some families may now be OFL.,"Licensed under the Apache License, Version 2.0",http://www.apache.org/licenses/LICENSE-2.0,Font data copyright Google 2012
Roboto/Roboto-Regular.ttf,Roboto-Regular.ttf,Roboto,Roboto,Regular,Roboto Regular,Roboto-Regular,Commercial-free use,Apache License 2.0,embedded metadata / bundled license / Google Fonts,local metadata; https://www.apache.org/licenses/LICENSE-2.0; https://fonts.google.com/faq,OK for commercial use,Archive metadata/license indicates Apache 2.0; newer Google Fonts copies of some families may now be OFL.,"Licensed under the Apache License, Version 2.0",http://www.apache.org/licenses/LICENSE-2.0,Font data copyright Google 2012
Roboto/Roboto-Thin.ttf,Roboto-Thin.ttf,Roboto,Roboto,Thin,Roboto Thin,Roboto-Thin,Commercial-free use,Apache License 2.0,embedded metadata / bundled license / Google Fonts,local metadata; https://www.apache.org/licenses/LICENSE-2.0; https://fonts.google.com/faq,OK for commercial use,Archive metadata/license indicates Apache 2.0; newer Google Fonts copies of some families may now be OFL.,"Licensed under the Apache License, Version 2.0",http://www.apache.org/licenses/LICENSE-2.0,Font data copyright Google 2012
Roboto/Roboto-ThinItalic.ttf,Roboto-ThinItalic.ttf,Roboto,Roboto,Thin Italic,Roboto Thin Italic,Roboto-ThinItalic,Commercial-free use,Apache License 2.0,embedded metadata / bundled license / Google Fonts,local metadata; https://www.apache.org/licenses/LICENSE-2.0; https://fonts.google.com/faq,OK for commercial use,Archive metadata/license indicates Apache 2.0; newer Google Fonts copies of some families may now be OFL.,"Licensed under the Apache License, Version 2.0",http://www.apache.org/licenses/LICENSE-2.0,Font data copyright Google 2012-2013
Seconds.otf,Seconds.otf,Seconds,Seconds,Regular,Seconds,Seconds,Commercial-free use,Custom freeware / 1001Fonts free for commercial use,1001Fonts / FontSpace / Fontesk,https://www.1001fonts.com/seconds-font.html,OK for commercial use,Listed free for personal and commercial use.,,,Copyright (c) 2019 by Motokiwo. All rights reserved.
Slackey.ttf,Slackey.ttf,Slackey,Slackey,Regular,Slackey,Slackey,Commercial-free use,Apache License 2.0,embedded metadata / bundled license / Google Fonts,local metadata; https://www.apache.org/licenses/LICENSE-2.0; https://fonts.google.com/faq,OK for commercial use,Archive metadata/license indicates Apache 2.0; newer Google Fonts copies of some families may now be OFL.,"Licensed under the Apache License, Version 2.0",http://www.apache.org/licenses/LICENSE-2.0,"Copyright (c) 2010 by Font Diner, Inc DBA Sideshow. All rights reserved."
SpartanMB/SpartanMB-Black.otf,SpartanMB-Black.otf,Spartan MB,Spartan MB,Black,Spartan MB Black,SpartanMB-Black,Commercial-free use,SIL Open Font License 1.1,embedded metadata / bundled OFL / Google Fonts / 1001Fonts,local metadata or bundled OFL; https://openfontlicense.org/; https://fonts.google.com/faq,OK for commercial use,OFL permits commercial use and redistribution/bundling subject to OFL terms; do not sell the font by itself.,"Copyright (c) <2017>, <Matt Bailey> (<http://mtbailey.com>),
with Reserved Font Name <Spartan MB Black>.

This Font Software is licensed under the SIL Open Font License, Version 1.1.
This license is copied below, and is also available with a FAQ at:
http://scripts.sil.org/OFL


-----------------------------------------------------------
SIL OPEN FONT LICENSE Version 1.1 - 26 February 2007
-----------------------------------------------------------

PREAMBLE
The goals of the Open Font License (OFL) are to stimulate worldwide
development of collaborative font projects, to support the font creation
efforts of academic and linguistic communities, and to provide a free and
open framework in which fonts may be shared and improved in partnership
with others.

The OFL allows the licensed fonts to be used, studied, modified and
redistributed freely as long as they are not sold by themselves. The
fonts, including any derivative works, can be bundled, embedded, 
redistributed and/or sold with any software provided that any reserved
names are not used by derivative works. The fonts and derivatives,
however, cannot be released under any other type of license. The
requirement for fonts to remain under this license does not apply
to any document created using the fonts or their derivatives.

DEFINITIONS
""Font Software"" refers to the set of files released by the Copyright
Holder(s) under this license and clearly marked as such. This may
include source files, build scripts and documentation.

""Reserved Font Name"" refers to any names specified as such after the
copyright statement(s).

""Original Version"" refers to the collection of Font Software components as
distributed by the Copyright Holder(s).

""Modified Version"" refers to any derivative made by adding to, deleting,
or substituting -- in part or in whole -- any of the components of the
Original Version, by changing formats or by porting the Font Software to a
new environment.

""Author"" refers to any designer, engineer, programmer, technical
writer or other person who contributed to the Font Software.

PERMISSION & CONDITIONS
Permission is hereby granted, free of charge, to any person obtaining
a copy of the Font Software, to use, study, copy, merge, embed, modify,
redistribute, and sell modified and unmodified copies of the Font
Software, subject to the following conditions:

1) Neither the Font Software nor any of its individual components,
in Original or Modified Versions, may be sold by itself.

2) Original or Modified Versions of the Font Software may be bundled,
redistributed and/or sold with any software, provided that each copy
contains the above copyright notice and this license. These can be
included either as stand-alone text files, human-readable headers or
in the appropriate machine-readable metadata fields within text or
binary files as long as those fields can be easily viewed by the user.

3) No Modified Version of the Font Software may use the Reserved Font
Name(s) unless explicit written permission is granted by the corresponding
Copyright Holder. This restriction only applies to the primary font name as
presented to the users.

4) The name(s) of the Copyright Holder(s) or the Author(s) of the Font
Software shall not be used to promote, endorse or advertise any
Modified Version, except to acknowledge the contribution(s) of the
Copyright Holder(s) and the Author(s) or with their explicit written
permission.

5) The Font Software, modified or unmodified, in part or in whole,
must be distributed entirely under this license, and must not be
distributed under any other license. The requirement for fonts to
remain under this license does not apply to any document created
using the Font Software.

TERMINATION
This license becomes null and void if any of the above conditions are
not met.

DISCLAIMER
THE FONT SOFTWARE IS PROVIDED ""AS IS"", WITHOUT WARRANTY OF ANY KIND,
EXPRESS OR IMPLIED, INCLUDING BUT NOT LIMITED TO ANY WARRANTIES OF
MERCHANTABILITY, FITNESS FOR A PARTICULAR PURPOSE AND NONINFRINGEMENT
OF COPYRIGHT, PATENT, TRADEMARK, OR OTHER RIGHT. IN NO EVENT SHALL THE
COPYRIGHT HOLDER BE LIABLE FOR ANY CLAIM, DAMAGES OR OTHER LIABILITY,
INCLUDING ANY GENERAL, SPECIAL, INDIRECT, INCIDENTAL, OR CONSEQUENTIAL
DAMAGES, WHETHER IN AN ACTION OF CONTRACT, TORT OR OTHERWISE, ARISING
FROM, OUT OF THE USE OR INABILITY TO USE THE FONT SOFTWARE OR FROM
OTHER DEALINGS IN THE FONT SOFTWARE.",http://scripts.sil.org/cms/scripts/page.php?site_id=nrsi&id=ofl_web,Copyright (c) 2017 by Matt Bailey. All rights reserved.
SpartanMB/SpartanMB-Bold.otf,SpartanMB-Bold.otf,Spartan MB,Spartan MB,Bold,Spartan MB Bold,SpartanMB-Bold,Commercial-free use,SIL Open Font License 1.1,embedded metadata / bundled OFL / Google Fonts / 1001Fonts,local metadata or bundled OFL; https://openfontlicense.org/; https://fonts.google.com/faq,OK for commercial use,OFL permits commercial use and redistribution/bundling subject to OFL terms; do not sell the font by itself.,"Copyright (c) <2017>, <Matt Bailey> (<http://mtbailey.com>),
with Reserved Font Name <Spartan MB Bold>.

This Font Software is licensed under the SIL Open Font License, Version 1.1.
This license is copied below, and is also available with a FAQ at:
http://scripts.sil.org/OFL


-----------------------------------------------------------
SIL OPEN FONT LICENSE Version 1.1 - 26 February 2007
-----------------------------------------------------------

PREAMBLE
The goals of the Open Font License (OFL) are to stimulate worldwide
development of collaborative font projects, to support the font creation
efforts of academic and linguistic communities, and to provide a free and
open framework in which fonts may be shared and improved in partnership
with others.

The OFL allows the licensed fonts to be used, studied, modified and
redistributed freely as long as they are not sold by themselves. The
fonts, including any derivative works, can be bundled, embedded, 
redistributed and/or sold with any software provided that any reserved
names are not used by derivative works. The fonts and derivatives,
however, cannot be released under any other type of license. The
requirement for fonts to remain under this license does not apply
to any document created using the fonts or their derivatives.

DEFINITIONS
""Font Software"" refers to the set of files released by the Copyright
Holder(s) under this license and clearly marked as such. This may
include source files, build scripts and documentation.

""Reserved Font Name"" refers to any names specified as such after the
copyright statement(s).

""Original Version"" refers to the collection of Font Software components as
distributed by the Copyright Holder(s).

""Modified Version"" refers to any derivative made by adding to, deleting,
or substituting -- in part or in whole -- any of the components of the
Original Version, by changing formats or by porting the Font Software to a
new environment.

""Author"" refers to any designer, engineer, programmer, technical
writer or other person who contributed to the Font Software.

PERMISSION & CONDITIONS
Permission is hereby granted, free of charge, to any person obtaining
a copy of the Font Software, to use, study, copy, merge, embed, modify,
redistribute, and sell modified and unmodified copies of the Font
Software, subject to the following conditions:

1) Neither the Font Software nor any of its individual components,
in Original or Modified Versions, may be sold by itself.

2) Original or Modified Versions of the Font Software may be bundled,
redistributed and/or sold with any software, provided that each copy
contains the above copyright notice and this license. These can be
included either as stand-alone text files, human-readable headers or
in the appropriate machine-readable metadata fields within text or
binary files as long as those fields can be easily viewed by the user.

3) No Modified Version of the Font Software may use the Reserved Font
Name(s) unless explicit written permission is granted by the corresponding
Copyright Holder. This restriction only applies to the primary font name as
presented to the users.

4) The name(s) of the Copyright Holder(s) or the Author(s) of the Font
Software shall not be used to promote, endorse or advertise any
Modified Version, except to acknowledge the contribution(s) of the
Copyright Holder(s) and the Author(s) or with their explicit written
permission.

5) The Font Software, modified or unmodified, in part or in whole,
must be distributed entirely under this license, and must not be
distributed under any other license. The requirement for fonts to
remain under this license does not apply to any document created
using the Font Software.

TERMINATION
This license becomes null and void if any of the above conditions are
not met.

DISCLAIMER
THE FONT SOFTWARE IS PROVIDED ""AS IS"", WITHOUT WARRANTY OF ANY KIND,
EXPRESS OR IMPLIED, INCLUDING BUT NOT LIMITED TO ANY WARRANTIES OF
MERCHANTABILITY, FITNESS FOR A PARTICULAR PURPOSE AND NONINFRINGEMENT
OF COPYRIGHT, PATENT, TRADEMARK, OR OTHER RIGHT. IN NO EVENT SHALL THE
COPYRIGHT HOLDER BE LIABLE FOR ANY CLAIM, DAMAGES OR OTHER LIABILITY,
INCLUDING ANY GENERAL, SPECIAL, INDIRECT, INCIDENTAL, OR CONSEQUENTIAL
DAMAGES, WHETHER IN AN ACTION OF CONTRACT, TORT OR OTHERWISE, ARISING
FROM, OUT OF THE USE OR INABILITY TO USE THE FONT SOFTWARE OR FROM
OTHER DEALINGS IN THE FONT SOFTWARE.",http://scripts.sil.org/cms/scripts/page.php?site_id=nrsi&id=ofl_web,Copyright (c) 2017 by Matt Bailey. All rights reserved.
SpartanMB/SpartanMB-Extra-Bold.otf,SpartanMB-Extra-Bold.otf,Spartan MB,Spartan MB,ExtraBold,Spartan MB ExtraBold,SpartanMB-ExtraBold,Commercial-free use,SIL Open Font License 1.1,embedded metadata / bundled OFL / Google Fonts / 1001Fonts,local metadata or bundled OFL; https://openfontlicense.org/; https://fonts.google.com/faq,OK for commercial use,OFL permits commercial use and redistribution/bundling subject to OFL terms; do not sell the font by itself.,"Copyright (c) <2017>, <Matt Bailey> (<http://mtbailey.com>),
with Reserved Font Name <Spartan MB ExtraBold>.

This Font Software is licensed under the SIL Open Font License, Version 1.1.
This license is copied below, and is also available with a FAQ at:
http://scripts.sil.org/OFL


-----------------------------------------------------------
SIL OPEN FONT LICENSE Version 1.1 - 26 February 2007
-----------------------------------------------------------

PREAMBLE
The goals of the Open Font License (OFL) are to stimulate worldwide
development of collaborative font projects, to support the font creation
efforts of academic and linguistic communities, and to provide a free and
open framework in which fonts may be shared and improved in partnership
with others.

The OFL allows the licensed fonts to be used, studied, modified and
redistributed freely as long as they are not sold by themselves. The
fonts, including any derivative works, can be bundled, embedded, 
redistributed and/or sold with any software provided that any reserved
names are not used by derivative works. The fonts and derivatives,
however, cannot be released under any other type of license. The
requirement for fonts to remain under this license does not apply
to any document created using the fonts or their derivatives.

DEFINITIONS
""Font Software"" refers to the set of files released by the Copyright
Holder(s) under this license and clearly marked as such. This may
include source files, build scripts and documentation.

""Reserved Font Name"" refers to any names specified as such after the
copyright statement(s).

""Original Version"" refers to the collection of Font Software components as
distributed by the Copyright Holder(s).

""Modified Version"" refers to any derivative made by adding to, deleting,
or substituting -- in part or in whole -- any of the components of the
Original Version, by changing formats or by porting the Font Software to a
new environment.

""Author"" refers to any designer, engineer, programmer, technical
writer or other person who contributed to the Font Software.

PERMISSION & CONDITIONS
Permission is hereby granted, free of charge, to any person obtaining
a copy of the Font Software, to use, study, copy, merge, embed, modify,
redistribute, and sell modified and unmodified copies of the Font
Software, subject to the following conditions:

1) Neither the Font Software nor any of its individual components,
in Original or Modified Versions, may be sold by itself.

2) Original or Modified Versions of the Font Software may be bundled,
redistributed and/or sold with any software, provided that each copy
contains the above copyright notice and this license. These can be
included either as stand-alone text files, human-readable headers or
in the appropriate machine-readable metadata fields within text or
binary files as long as those fields can be easily viewed by the user.

3) No Modified Version of the Font Software may use the Reserved Font
Name(s) unless explicit written permission is granted by the corresponding
Copyright Holder. This restriction only applies to the primary font name as
presented to the users.

4) The name(s) of the Copyright Holder(s) or the Author(s) of the Font
Software shall not be used to promote, endorse or advertise any
Modified Version, except to acknowledge the contribution(s) of the
Copyright Holder(s) and the Author(s) or with their explicit written
permission.

5) The Font Software, modified or unmodified, in part or in whole,
must be distributed entirely under this license, and must not be
distributed under any other license. The requirement for fonts to
remain under this license does not apply to any document created
using the Font Software.

TERMINATION
This license becomes null and void if any of the above conditions are
not met.

DISCLAIMER
THE FONT SOFTWARE IS PROVIDED ""AS IS"", WITHOUT WARRANTY OF ANY KIND,
EXPRESS OR IMPLIED, INCLUDING BUT NOT LIMITED TO ANY WARRANTIES OF
MERCHANTABILITY, FITNESS FOR A PARTICULAR PURPOSE AND NONINFRINGEMENT
OF COPYRIGHT, PATENT, TRADEMARK, OR OTHER RIGHT. IN NO EVENT SHALL THE
COPYRIGHT HOLDER BE LIABLE FOR ANY CLAIM, DAMAGES OR OTHER LIABILITY,
INCLUDING ANY GENERAL, SPECIAL, INDIRECT, INCIDENTAL, OR CONSEQUENTIAL
DAMAGES, WHETHER IN AN ACTION OF CONTRACT, TORT OR OTHERWISE, ARISING
FROM, OUT OF THE USE OR INABILITY TO USE THE FONT SOFTWARE OR FROM
OTHER DEALINGS IN THE FONT SOFTWARE.",http://scripts.sil.org/cms/scripts/page.php?site_id=nrsi&id=ofl_web,Copyright (c) 2017 by Matt Bailey. All rights reserved.
SpartanMB/SpartanMB-Light.otf,SpartanMB-Light.otf,Spartan MB,Spartan MB,Light,Spartan MB Light,SpartanMB-Light,Commercial-free use,SIL Open Font License 1.1,embedded metadata / bundled OFL / Google Fonts / 1001Fonts,local metadata or bundled OFL; https://openfontlicense.org/; https://fonts.google.com/faq,OK for commercial use,OFL permits commercial use and redistribution/bundling subject to OFL terms; do not sell the font by itself.,"Copyright (c) <2017>, <Matt Bailey> (<http://mtbailey.com>),
with Reserved Font Name <Spartan MB Light>.

This Font Software is licensed under the SIL Open Font License, Version 1.1.
This license is copied below, and is also available with a FAQ at:
http://scripts.sil.org/OFL


-----------------------------------------------------------
SIL OPEN FONT LICENSE Version 1.1 - 26 February 2007
-----------------------------------------------------------

PREAMBLE
The goals of the Open Font License (OFL) are to stimulate worldwide
development of collaborative font projects, to support the font creation
efforts of academic and linguistic communities, and to provide a free and
open framework in which fonts may be shared and improved in partnership
with others.

The OFL allows the licensed fonts to be used, studied, modified and
redistributed freely as long as they are not sold by themselves. The
fonts, including any derivative works, can be bundled, embedded, 
redistributed and/or sold with any software provided that any reserved
names are not used by derivative works. The fonts and derivatives,
however, cannot be released under any other type of license. The
requirement for fonts to remain under this license does not apply
to any document created using the fonts or their derivatives.

DEFINITIONS
""Font Software"" refers to the set of files released by the Copyright
Holder(s) under this license and clearly marked as such. This may
include source files, build scripts and documentation.

""Reserved Font Name"" refers to any names specified as such after the
copyright statement(s).

""Original Version"" refers to the collection of Font Software components as
distributed by the Copyright Holder(s).

""Modified Version"" refers to any derivative made by adding to, deleting,
or substituting -- in part or in whole -- any of the components of the
Original Version, by changing formats or by porting the Font Software to a
new environment.

""Author"" refers to any designer, engineer, programmer, technical
writer or other person who contributed to the Font Software.

PERMISSION & CONDITIONS
Permission is hereby granted, free of charge, to any person obtaining
a copy of the Font Software, to use, study, copy, merge, embed, modify,
redistribute, and sell modified and unmodified copies of the Font
Software, subject to the following conditions:

1) Neither the Font Software nor any of its individual components,
in Original or Modified Versions, may be sold by itself.

2) Original or Modified Versions of the Font Software may be bundled,
redistributed and/or sold with any software, provided that each copy
contains the above copyright notice and this license. These can be
included either as stand-alone text files, human-readable headers or
in the appropriate machine-readable metadata fields within text or
binary files as long as those fields can be easily viewed by the user.

3) No Modified Version of the Font Software may use the Reserved Font
Name(s) unless explicit written permission is granted by the corresponding
Copyright Holder. This restriction only applies to the primary font name as
presented to the users.

4) The name(s) of the Copyright Holder(s) or the Author(s) of the Font
Software shall not be used to promote, endorse or advertise any
Modified Version, except to acknowledge the contribution(s) of the
Copyright Holder(s) and the Author(s) or with their explicit written
permission.

5) The Font Software, modified or unmodified, in part or in whole,
must be distributed entirely under this license, and must not be
distributed under any other license. The requirement for fonts to
remain under this license does not apply to any document created
using the Font Software.

TERMINATION
This license becomes null and void if any of the above conditions are
not met.

DISCLAIMER
THE FONT SOFTWARE IS PROVIDED ""AS IS"", WITHOUT WARRANTY OF ANY KIND,
EXPRESS OR IMPLIED, INCLUDING BUT NOT LIMITED TO ANY WARRANTIES OF
MERCHANTABILITY, FITNESS FOR A PARTICULAR PURPOSE AND NONINFRINGEMENT
OF COPYRIGHT, PATENT, TRADEMARK, OR OTHER RIGHT. IN NO EVENT SHALL THE
COPYRIGHT HOLDER BE LIABLE FOR ANY CLAIM, DAMAGES OR OTHER LIABILITY,
INCLUDING ANY GENERAL, SPECIAL, INDIRECT, INCIDENTAL, OR CONSEQUENTIAL
DAMAGES, WHETHER IN AN ACTION OF CONTRACT, TORT OR OTHERWISE, ARISING
FROM, OUT OF THE USE OR INABILITY TO USE THE FONT SOFTWARE OR FROM
OTHER DEALINGS IN THE FONT SOFTWARE.",http://scripts.sil.org/cms/scripts/page.php?site_id=nrsi&id=ofl_web,Copyright (c) 2017 by Matt Bailey. All rights reserved.
SpartanMB/SpartanMB-Regular.otf,SpartanMB-Regular.otf,Spartan MB,Spartan MB,Regular,Spartan MB Regular,SpartanMB-Regular,Commercial-free use,SIL Open Font License 1.1,embedded metadata / bundled OFL / Google Fonts / 1001Fonts,local metadata or bundled OFL; https://openfontlicense.org/; https://fonts.google.com/faq,OK for commercial use,OFL permits commercial use and redistribution/bundling subject to OFL terms; do not sell the font by itself.,"Copyright (c) <2017>, <Matt Bailey> (<http://mtbailey.com>),
with Reserved Font Name <Spartan MB Regular>.

This Font Software is licensed under the SIL Open Font License, Version 1.1.
This license is copied below, and is also available with a FAQ at:
http://scripts.sil.org/OFL


-----------------------------------------------------------
SIL OPEN FONT LICENSE Version 1.1 - 26 February 2007
-----------------------------------------------------------

PREAMBLE
The goals of the Open Font License (OFL) are to stimulate worldwide
development of collaborative font projects, to support the font creation
efforts of academic and linguistic communities, and to provide a free and
open framework in which fonts may be shared and improved in partnership
with others.

The OFL allows the licensed fonts to be used, studied, modified and
redistributed freely as long as they are not sold by themselves. The
fonts, including any derivative works, can be bundled, embedded, 
redistributed and/or sold with any software provided that any reserved
names are not used by derivative works. The fonts and derivatives,
however, cannot be released under any other type of license. The
requirement for fonts to remain under this license does not apply
to any document created using the fonts or their derivatives.

DEFINITIONS
""Font Software"" refers to the set of files released by the Copyright
Holder(s) under this license and clearly marked as such. This may
include source files, build scripts and documentation.

""Reserved Font Name"" refers to any names specified as such after the
copyright statement(s).

""Original Version"" refers to the collection of Font Software components as
distributed by the Copyright Holder(s).

""Modified Version"" refers to any derivative made by adding to, deleting,
or substituting -- in part or in whole -- any of the components of the
Original Version, by changing formats or by porting the Font Software to a
new environment.

""Author"" refers to any designer, engineer, programmer, technical
writer or other person who contributed to the Font Software.

PERMISSION & CONDITIONS
Permission is hereby granted, free of charge, to any person obtaining
a copy of the Font Software, to use, study, copy, merge, embed, modify,
redistribute, and sell modified and unmodified copies of the Font
Software, subject to the following conditions:

1) Neither the Font Software nor any of its individual components,
in Original or Modified Versions, may be sold by itself.

2) Original or Modified Versions of the Font Software may be bundled,
redistributed and/or sold with any software, provided that each copy
contains the above copyright notice and this license. These can be
included either as stand-alone text files, human-readable headers or
in the appropriate machine-readable metadata fields within text or
binary files as long as those fields can be easily viewed by the user.

3) No Modified Version of the Font Software may use the Reserved Font
Name(s) unless explicit written permission is granted by the corresponding
Copyright Holder. This restriction only applies to the primary font name as
presented to the users.

4) The name(s) of the Copyright Holder(s) or the Author(s) of the Font
Software shall not be used to promote, endorse or advertise any
Modified Version, except to acknowledge the contribution(s) of the
Copyright Holder(s) and the Author(s) or with their explicit written
permission.

5) The Font Software, modified or unmodified, in part or in whole,
must be distributed entirely under this license, and must not be
distributed under any other license. The requirement for fonts to
remain under this license does not apply to any document created
using the Font Software.

TERMINATION
This license becomes null and void if any of the above conditions are
not met.

DISCLAIMER
THE FONT SOFTWARE IS PROVIDED ""AS IS"", WITHOUT WARRANTY OF ANY KIND,
EXPRESS OR IMPLIED, INCLUDING BUT NOT LIMITED TO ANY WARRANTIES OF
MERCHANTABILITY, FITNESS FOR A PARTICULAR PURPOSE AND NONINFRINGEMENT
OF COPYRIGHT, PATENT, TRADEMARK, OR OTHER RIGHT. IN NO EVENT SHALL THE
COPYRIGHT HOLDER BE LIABLE FOR ANY CLAIM, DAMAGES OR OTHER LIABILITY,
INCLUDING ANY GENERAL, SPECIAL, INDIRECT, INCIDENTAL, OR CONSEQUENTIAL
DAMAGES, WHETHER IN AN ACTION OF CONTRACT, TORT OR OTHERWISE, ARISING
FROM, OUT OF THE USE OR INABILITY TO USE THE FONT SOFTWARE OR FROM
OTHER DEALINGS IN THE FONT SOFTWARE.",http://scripts.sil.org/cms/scripts/page.php?site_id=nrsi&id=ofl_web,Copyright (c) 2017 by Matt Bailey. All rights reserved.
SpartanMB/SpartanMB-SemiBold.otf,SpartanMB-SemiBold.otf,Spartan MB,Spartan MB,SemiBold,Spartan MB SemiBold,SpartanMB-SemiBold,Commercial-free use,SIL Open Font License 1.1,embedded metadata / bundled OFL / Google Fonts / 1001Fonts,local metadata or bundled OFL; https://openfontlicense.org/; https://fonts.google.com/faq,OK for commercial use,OFL permits commercial use and redistribution/bundling subject to OFL terms; do not sell the font by itself.,"Copyright (c) <2017>, <Matt Bailey> (<http://mtbailey.com>),
with Reserved Font Name <Spartan MB SemiBold>.

This Font Software is licensed under the SIL Open Font License, Version 1.1.
This license is copied below, and is also available with a FAQ at:
http://scripts.sil.org/OFL


-----------------------------------------------------------
SIL OPEN FONT LICENSE Version 1.1 - 26 February 2007
-----------------------------------------------------------

PREAMBLE
The goals of the Open Font License (OFL) are to stimulate worldwide
development of collaborative font projects, to support the font creation
efforts of academic and linguistic communities, and to provide a free and
open framework in which fonts may be shared and improved in partnership
with others.

The OFL allows the licensed fonts to be used, studied, modified and
redistributed freely as long as they are not sold by themselves. The
fonts, including any derivative works, can be bundled, embedded, 
redistributed and/or sold with any software provided that any reserved
names are not used by derivative works. The fonts and derivatives,
however, cannot be released under any other type of license. The
requirement for fonts to remain under this license does not apply
to any document created using the fonts or their derivatives.

DEFINITIONS
""Font Software"" refers to the set of files released by the Copyright
Holder(s) under this license and clearly marked as such. This may
include source files, build scripts and documentation.

""Reserved Font Name"" refers to any names specified as such after the
copyright statement(s).

""Original Version"" refers to the collection of Font Software components as
distributed by the Copyright Holder(s).

""Modified Version"" refers to any derivative made by adding to, deleting,
or substituting -- in part or in whole -- any of the components of the
Original Version, by changing formats or by porting the Font Software to a
new environment.

""Author"" refers to any designer, engineer, programmer, technical
writer or other person who contributed to the Font Software.

PERMISSION & CONDITIONS
Permission is hereby granted, free of charge, to any person obtaining
a copy of the Font Software, to use, study, copy, merge, embed, modify,
redistribute, and sell modified and unmodified copies of the Font
Software, subject to the following conditions:

1) Neither the Font Software nor any of its individual components,
in Original or Modified Versions, may be sold by itself.

2) Original or Modified Versions of the Font Software may be bundled,
redistributed and/or sold with any software, provided that each copy
contains the above copyright notice and this license. These can be
included either as stand-alone text files, human-readable headers or
in the appropriate machine-readable metadata fields within text or
binary files as long as those fields can be easily viewed by the user.

3) No Modified Version of the Font Software may use the Reserved Font
Name(s) unless explicit written permission is granted by the corresponding
Copyright Holder. This restriction only applies to the primary font name as
presented to the users.

4) The name(s) of the Copyright Holder(s) or the Author(s) of the Font
Software shall not be used to promote, endorse or advertise any
Modified Version, except to acknowledge the contribution(s) of the
Copyright Holder(s) and the Author(s) or with their explicit written
permission.

5) The Font Software, modified or unmodified, in part or in whole,
must be distributed entirely under this license, and must not be
distributed under any other license. The requirement for fonts to
remain under this license does not apply to any document created
using the Font Software.

TERMINATION
This license becomes null and void if any of the above conditions are
not met.

DISCLAIMER
THE FONT SOFTWARE IS PROVIDED ""AS IS"", WITHOUT WARRANTY OF ANY KIND,
EXPRESS OR IMPLIED, INCLUDING BUT NOT LIMITED TO ANY WARRANTIES OF
MERCHANTABILITY, FITNESS FOR A PARTICULAR PURPOSE AND NONINFRINGEMENT
OF COPYRIGHT, PATENT, TRADEMARK, OR OTHER RIGHT. IN NO EVENT SHALL THE
COPYRIGHT HOLDER BE LIABLE FOR ANY CLAIM, DAMAGES OR OTHER LIABILITY,
INCLUDING ANY GENERAL, SPECIAL, INDIRECT, INCIDENTAL, OR CONSEQUENTIAL
DAMAGES, WHETHER IN AN ACTION OF CONTRACT, TORT OR OTHERWISE, ARISING
FROM, OUT OF THE USE OR INABILITY TO USE THE FONT SOFTWARE OR FROM
OTHER DEALINGS IN THE FONT SOFTWARE.",http://scripts.sil.org/cms/scripts/page.php?site_id=nrsi&id=ofl_web,Copyright (c) 2017 by Matt Bailey. All rights reserved.
SpartanMB/SpartanMB-Thin.otf,SpartanMB-Thin.otf,Spartan MB,Spartan MB,Thin,Spartan MB Thin,SpartanMB-Thin,Commercial-free use,SIL Open Font License 1.1,embedded metadata / bundled OFL / Google Fonts / 1001Fonts,local metadata or bundled OFL; https://openfontlicense.org/; https://fonts.google.com/faq,OK for commercial use,OFL permits commercial use and redistribution/bundling subject to OFL terms; do not sell the font by itself.,"Copyright (c) <2017>, <Matt Bailey> (<http://mtbailey.com>),
with Reserved Font Name <Spartan MB Thin>.

This Font Software is licensed under the SIL Open Font License, Version 1.1.
This license is copied below, and is also available with a FAQ at:
http://scripts.sil.org/OFL


-----------------------------------------------------------
SIL OPEN FONT LICENSE Version 1.1 - 26 February 2007
-----------------------------------------------------------

PREAMBLE
The goals of the Open Font License (OFL) are to stimulate worldwide
development of collaborative font projects, to support the font creation
efforts of academic and linguistic communities, and to provide a free and
open framework in which fonts may be shared and improved in partnership
with others.

The OFL allows the licensed fonts to be used, studied, modified and
redistributed freely as long as they are not sold by themselves. The
fonts, including any derivative works, can be bundled, embedded, 
redistributed and/or sold with any software provided that any reserved
names are not used by derivative works. The fonts and derivatives,
however, cannot be released under any other type of license. The
requirement for fonts to remain under this license does not apply
to any document created using the fonts or their derivatives.

DEFINITIONS
""Font Software"" refers to the set of files released by the Copyright
Holder(s) under this license and clearly marked as such. This may
include source files, build scripts and documentation.

""Reserved Font Name"" refers to any names specified as such after the
copyright statement(s).

""Original Version"" refers to the collection of Font Software components as
distributed by the Copyright Holder(s).

""Modified Version"" refers to any derivative made by adding to, deleting,
or substituting -- in part or in whole -- any of the components of the
Original Version, by changing formats or by porting the Font Software to a
new environment.

""Author"" refers to any designer, engineer, programmer, technical
writer or other person who contributed to the Font Software.

PERMISSION & CONDITIONS
Permission is hereby granted, free of charge, to any person obtaining
a copy of the Font Software, to use, study, copy, merge, embed, modify,
redistribute, and sell modified and unmodified copies of the Font
Software, subject to the following conditions:

1) Neither the Font Software nor any of its individual components,
in Original or Modified Versions, may be sold by itself.

2) Original or Modified Versions of the Font Software may be bundled,
redistributed and/or sold with any software, provided that each copy
contains the above copyright notice and this license. These can be
included either as stand-alone text files, human-readable headers or
in the appropriate machine-readable metadata fields within text or
binary files as long as those fields can be easily viewed by the user.

3) No Modified Version of the Font Software may use the Reserved Font
Name(s) unless explicit written permission is granted by the corresponding
Copyright Holder. This restriction only applies to the primary font name as
presented to the users.

4) The name(s) of the Copyright Holder(s) or the Author(s) of the Font
Software shall not be used to promote, endorse or advertise any
Modified Version, except to acknowledge the contribution(s) of the
Copyright Holder(s) and the Author(s) or with their explicit written
permission.

5) The Font Software, modified or unmodified, in part or in whole,
must be distributed entirely under this license, and must not be
distributed under any other license. The requirement for fonts to
remain under this license does not apply to any document created
using the Font Software.

TERMINATION
This license becomes null and void if any of the above conditions are
not met.

DISCLAIMER
THE FONT SOFTWARE IS PROVIDED ""AS IS"", WITHOUT WARRANTY OF ANY KIND,
EXPRESS OR IMPLIED, INCLUDING BUT NOT LIMITED TO ANY WARRANTIES OF
MERCHANTABILITY, FITNESS FOR A PARTICULAR PURPOSE AND NONINFRINGEMENT
OF COPYRIGHT, PATENT, TRADEMARK, OR OTHER RIGHT. IN NO EVENT SHALL THE
COPYRIGHT HOLDER BE LIABLE FOR ANY CLAIM, DAMAGES OR OTHER LIABILITY,
INCLUDING ANY GENERAL, SPECIAL, INDIRECT, INCIDENTAL, OR CONSEQUENTIAL
DAMAGES, WHETHER IN AN ACTION OF CONTRACT, TORT OR OTHERWISE, ARISING
FROM, OUT OF THE USE OR INABILITY TO USE THE FONT SOFTWARE OR FROM
OTHER DEALINGS IN THE FONT SOFTWARE.",http://scripts.sil.org/cms/scripts/page.php?site_id=nrsi&id=ofl_web,Copyright (c) 2017 by Matt Bailey. All rights reserved.
Teko-Bold.ttf,Teko-Bold.ttf,Teko,Teko,Bold,Teko Bold,Teko-Bold,Commercial-free use,SIL Open Font License 1.1,embedded metadata / bundled OFL / Google Fonts / 1001Fonts,local metadata or bundled OFL; https://openfontlicense.org/; https://fonts.google.com/faq,OK for commercial use,OFL permits commercial use and redistribution/bundling subject to OFL terms; do not sell the font by itself.,"This Font Software is licensed under the SIL Open Font License, Version 1.1. This license is available with a FAQ at: http://scripts.sil.org/OFL",http://scripts.sil.org/OFL,Copyright (c) 2014 Indian Type Foundry (info@indiantypefoundry.com)
airstream/AirstreamNF.otf,AirstreamNF.otf,Airstream NF,Airstream NF,Regular,AirstreamNF,AirstreamNF,Commercial-free use,1001Fonts Free For Commercial Use License (FFC),bundled 1001Fonts EULA / readme,local 1001fonts-*-eula.txt,OK for commercial use,Allows personal and commercial use; do not sell/publish the font files as a standalone font product.,"By using or installing this font data, you (or you on behalf of your employer) agree to be bound by the terms of this Agreement. This Agreement constitutes the complete agreement between you and Nick's Fonts.

YOU MAY:

-Send a copy of any Nick's Fonts font data along with your documents to a commercial printer or other service bureau to enable the editing or printing of your document.

-Use this font data to embed fonts within PostScript files or PDF files for distribution, viewing, and imaging to third parties.

-Use this font for personal projects or for projects for which you are paid including, but not limited to, artwork, logotypes, personalized apparel, word art and web graphics.

YOU MAY NOT:

-Modify, adapt, translate, reverse engineer, decompile, disassemble or create derivative works based on the Nick's Fonts font data without Nick's Fonts's prior written consent.

-Sell this font data AS FONT DATA to a third party under any circumstances including, but not limited to, rubber-stamp alphabets, die-cut alphabets, rub-on alphabets, or digitized fonts for embroidery.
 
NICK'S FONTS SHALL NOT BE LIABLE FOR ANY DIRECT, INDIRECT, CONSEQUENTIAL OR INCIDENTAL DAMAGES ARISING OUT OF THE USE OF OR INABILITY TO USE THE NICK'S FONTS FONT DATA.",,"(c) 2000, 2006 Nick Curtis. All Rights Reserved. Distributed under the 1001Fonts Free For Commercial Use License (FFC) http://www.1001fonts.com/licenses/ffc.html - PayPal donations in any amount may be made at nicksfonts.com."
airstream/AirstreamNF.ttf,AirstreamNF.ttf,Airstream NF,Airstream NF,Regular,AirstreamNF,AirstreamNF,Commercial-free use,1001Fonts Free For Commercial Use License (FFC),bundled 1001Fonts EULA / readme,local 1001fonts-*-eula.txt,OK for commercial use,Allows personal and commercial use; do not sell/publish the font files as a standalone font product.,"By using or installing this font data, you (or you on behalf of your employer) agree to be bound by the terms of this Agreement. This Agreement constitutes the complete agreement between you and Nick's Fonts.

YOU MAY:

-Send a copy of any Nick's Fonts font data along with your documents to a commercial printer or other service bureau to enable the editing or printing of your document.

-Use this font data to embed fonts within PostScript files or PDF files for distribution, viewing, and imaging to third parties.

-Use this font for personal projects or for projects for which you are paid including, but not limited to, artwork, logotypes, personalized apparel, word art and web graphics.

YOU MAY NOT:

-Modify, adapt, translate, reverse engineer, decompile, disassemble or create derivative works based on the Nick's Fonts font data without Nick's Fonts's prior written consent.

-Sell this font data AS FONT DATA to a third party under any circumstances including, but not limited to, rubber-stamp alphabets, die-cut alphabets, rub-on alphabets, or digitized fonts for embroidery.
 
NICK'S FONTS SHALL NOT BE LIABLE FOR ANY DIRECT, INDIRECT, CONSEQUENTIAL OR INCIDENTAL DAMAGES ARISING OUT OF THE USE OF OR INABILITY TO USE THE NICK'S FONTS FONT DATA.",,"(c) 2000, 2006 Nick Curtis. All Rights Reserved. Distributed under the 1001Fonts Free For Commercial Use License (FFC) http://www.1001fonts.com/licenses/ffc.html - PayPal donations in any amount may be made at nicksfonts.com."
anagram/AnagramNF.otf,AnagramNF.otf,Anagram NF,Anagram NF,Regular,Anagram NF,AnagramNF,Commercial-free use,1001Fonts Free For Commercial Use License (FFC),bundled 1001Fonts EULA / readme,local 1001fonts-*-eula.txt,OK for commercial use,Allows personal and commercial use; do not sell/publish the font files as a standalone font product.,"By using or installing this font data, you (or you on behalf of your employer) agree to be bound by the terms of this Agreement. This Agreement constitutes the complete agreement between you and Nick's Fonts.

YOU MAY:

-Send a copy of any Nick's Fonts font data along with your documents to a commercial printer or other service bureau to enable the editing or printing of your document.

-Use this font data to embed fonts within PostScript files or PDF files for distribution, viewing, and imaging to third parties.

-Use this font for personal projects or for projects for which you are paid including, but not limited to, artwork, logotypes, personalized apparel, word art and web graphics.

YOU MAY NOT:

-Modify, adapt, translate, reverse engineer, decompile, disassemble or create derivative works based on the Nick's Fonts font data without Nick's Fonts's prior written consent.

-Sell this font data AS FONT DATA to a third party under any circumstances including, but not limited to, rubber-stamp alphabets, die-cut alphabets, rub-on alphabets, or embroidery digitized fonts.
 
NICK'S FONTS SHALL NOT BE LIABLE FOR ANY DIRECT, INDIRECT, CONSEQUENTIAL OR INCIDENTAL DAMAGES ARISING OUT OF THE USE OF OR INABILITY TO USE THE NICK'S FONTS FONT DATA.",,"(c) 1999, 2006 Nick Curtis. All Rights Reserved. Distributed under the 1001Fonts Free For Commercial Use License (FFC) http://www.1001fonts.com/licenses/ffc.html - PayPal donations in any amount may be made at nicksfonts.com."
anagram/AnagramNF.ttf,AnagramNF.ttf,Anagram NF,Anagram NF,Regular,Anagram NF,AnagramNF,Commercial-free use,1001Fonts Free For Commercial Use License (FFC),bundled 1001Fonts EULA / readme,local 1001fonts-*-eula.txt,OK for commercial use,Allows personal and commercial use; do not sell/publish the font files as a standalone font product.,"By using or installing this font data, you (or you on behalf of your employer) agree to be bound by the terms of this Agreement. This Agreement constitutes the complete agreement between you and Nick's Fonts.

YOU MAY:

-Send a copy of any Nick's Fonts font data along with your documents to a commercial printer or other service bureau to enable the editing or printing of your document.

-Use this font data to embed fonts within PostScript files or PDF files for distribution, viewing, and imaging to third parties.

-Use this font for personal projects or for projects for which you are paid including, but not limited to, artwork, logotypes, personalized apparel, word art and web graphics.

YOU MAY NOT:

-Modify, adapt, translate, reverse engineer, decompile, disassemble or create derivative works based on the Nick's Fonts font data without Nick's Fonts's prior written consent.

-Sell this font data AS FONT DATA to a third party under any circumstances including, but not limited to, rubber-stamp alphabets, die-cut alphabets, rub-on alphabets, or embroidery digitized fonts.
 
NICK'S FONTS SHALL NOT BE LIABLE FOR ANY DIRECT, INDIRECT, CONSEQUENTIAL OR INCIDENTAL DAMAGES ARISING OUT OF THE USE OF OR INABILITY TO USE THE NICK'S FONTS FONT DATA.",,"(c) 1999, 2006 Nick Curtis. All Rights Reserved. Distributed under the 1001Fonts Free For Commercial Use License (FFC) http://www.1001fonts.com/licenses/ffc.html - PayPal donations in any amount may be made at nicksfonts.com."
anagram/AnagramNFShadow.otf,AnagramNFShadow.otf,Anagram NF,Anagram NF,Shadow,AnagramNFShadow,AnagramNFShadow,Commercial-free use,1001Fonts Free For Commercial Use License (FFC),bundled 1001Fonts EULA / readme,local 1001fonts-*-eula.txt,OK for commercial use,Allows personal and commercial use; do not sell/publish the font files as a standalone font product.,"By using or installing this font data, you (or you on behalf of your employer) agree to be bound by the terms of this Agreement. This Agreement constitutes the complete agreement between you and Nick's Fonts.

YOU MAY:

-Send a copy of any Nick's Fonts font data along with your documents to a commercial printer or other service bureau to enable the editing or printing of your document.

-Use this font data to embed fonts within PostScript files or PDF files for distribution, viewing, and imaging to third parties.

-Use this font for personal projects or for projects for which you are paid including, but not limited to, artwork, logotypes, personalized apparel, word art and web graphics.

YOU MAY NOT:

-Modify, adapt, translate, reverse engineer, decompile, disassemble or create derivative works based on the Nick's Fonts font data without Nick's Fonts's prior written consent.

-Sell this font data AS FONT DATA to a third party under any circumstances including, but not limited to, rubber-stamp alphabets, die-cut alphabets, rub-on alphabets, or embroidery digitized fonts.
 
NICK'S FONTS SHALL NOT BE LIABLE FOR ANY DIRECT, INDIRECT, CONSEQUENTIAL OR INCIDENTAL DAMAGES ARISING OUT OF THE USE OF OR INABILITY TO USE THE NICK'S FONTS FONT DATA.",,"(c) 1999, 2006 Nick Curtis. All Rights Reserved. Distributed under non-exclusive license by 1001 Free Fonts."
anagram/AnagramNFShadow.ttf,AnagramNFShadow.ttf,Anagram NF,Anagram NF,Shadow,AnagramNFShadow,AnagramNFShadow,Commercial-free use,1001Fonts Free For Commercial Use License (FFC),bundled 1001Fonts EULA / readme,local 1001fonts-*-eula.txt,OK for commercial use,Allows personal and commercial use; do not sell/publish the font files as a standalone font product.,"By using or installing this font data, you (or you on behalf of your employer) agree to be bound by the terms of this Agreement. This Agreement constitutes the complete agreement between you and Nick's Fonts.

YOU MAY:

-Send a copy of any Nick's Fonts font data along with your documents to a commercial printer or other service bureau to enable the editing or printing of your document.

-Use this font data to embed fonts within PostScript files or PDF files for distribution, viewing, and imaging to third parties.

-Use this font for personal projects or for projects for which you are paid including, but not limited to, artwork, logotypes, personalized apparel, word art and web graphics.

YOU MAY NOT:

-Modify, adapt, translate, reverse engineer, decompile, disassemble or create derivative works based on the Nick's Fonts font data without Nick's Fonts's prior written consent.

-Sell this font data AS FONT DATA to a third party under any circumstances including, but not limited to, rubber-stamp alphabets, die-cut alphabets, rub-on alphabets, or embroidery digitized fonts.
 
NICK'S FONTS SHALL NOT BE LIABLE FOR ANY DIRECT, INDIRECT, CONSEQUENTIAL OR INCIDENTAL DAMAGES ARISING OUT OF THE USE OF OR INABILITY TO USE THE NICK'S FONTS FONT DATA.",,"(c) 1999, 2006 Nick Curtis. All Rights Reserved. Distributed under non-exclusive license by 1001 Free Fonts."
antsypants/ANTSYPAN.TTF,ANTSYPAN.TTF,AntsyPants,AntsyPants,Regular,AntsyPants,AntsyPants,Commercial-free use,1001Fonts Free For Commercial Use License (FFC),bundled 1001Fonts EULA / readme,local 1001fonts-*-eula.txt,OK for commercial use,Allows personal and commercial use; do not sell/publish the font files as a standalone font product.,,,(c) 1999 Nick Curtis. All Rights Reserved. Generated by Fontographer 3.52
arima-madurai/ArimaMadurai-Black.ttf,ArimaMadurai-Black.ttf,Arima Madurai,Arima Madurai,Black,Arima Madurai Black,ArimaMadurai-Black,Commercial-free use,SIL Open Font License 1.1,embedded metadata / bundled OFL / Google Fonts / 1001Fonts,local metadata or bundled OFL; https://openfontlicense.org/; https://fonts.google.com/faq,OK for commercial use,OFL permits commercial use and redistribution/bundling subject to OFL terms; do not sell the font by itself.,"This Font Software is licensed under the SIL Open Font License, Version 1.1. This license is available with a FAQ at: http://scripts.sil.org/OFL",http://scripts.sil.org/OFL,Copyright 2015 The Arima Project Authors (info@ndiscovered.com)
arima-madurai/ArimaMadurai-Bold.ttf,ArimaMadurai-Bold.ttf,Arima Madurai,Arima Madurai,Bold,Arima Madurai Bold,ArimaMadurai-Bold,Commercial-free use,SIL Open Font License 1.1,embedded metadata / bundled OFL / Google Fonts / 1001Fonts,local metadata or bundled OFL; https://openfontlicense.org/; https://fonts.google.com/faq,OK for commercial use,OFL permits commercial use and redistribution/bundling subject to OFL terms; do not sell the font by itself.,"This Font Software is licensed under the SIL Open Font License, Version 1.1. This license is available with a FAQ at: http://scripts.sil.org/OFL",http://scripts.sil.org/OFL,Copyright 2015 The Arima Project Authors (info@ndiscovered.com)
arima-madurai/ArimaMadurai-ExtraBold.ttf,ArimaMadurai-ExtraBold.ttf,Arima Madurai,Arima Madurai,ExtraBold,Arima Madurai ExtraBold,ArimaMadurai-ExtraBold,Commercial-free use,SIL Open Font License 1.1,embedded metadata / bundled OFL / Google Fonts / 1001Fonts,local metadata or bundled OFL; https://openfontlicense.org/; https://fonts.google.com/faq,OK for commercial use,OFL permits commercial use and redistribution/bundling subject to OFL terms; do not sell the font by itself.,"This Font Software is licensed under the SIL Open Font License, Version 1.1. This license is available with a FAQ at: http://scripts.sil.org/OFL",http://scripts.sil.org/OFL,Copyright 2015 The Arima Project Authors (info@ndiscovered.com)
arima-madurai/ArimaMadurai-ExtraLight.ttf,ArimaMadurai-ExtraLight.ttf,Arima Madurai,Arima Madurai,ExtraLight,Arima Madurai ExtraLight,ArimaMadurai-ExtraLight,Commercial-free use,SIL Open Font License 1.1,embedded metadata / bundled OFL / Google Fonts / 1001Fonts,local metadata or bundled OFL; https://openfontlicense.org/; https://fonts.google.com/faq,OK for commercial use,OFL permits commercial use and redistribution/bundling subject to OFL terms; do not sell the font by itself.,"This Font Software is licensed under the SIL Open Font License, Version 1.1. This license is available with a FAQ at: http://scripts.sil.org/OFL",http://scripts.sil.org/OFL,Copyright 2015 The Arima Project Authors (info@ndiscovered.com)
arima-madurai/ArimaMadurai-Light.ttf,ArimaMadurai-Light.ttf,Arima Madurai,Arima Madurai,Light,Arima Madurai Light,ArimaMadurai-Light,Commercial-free use,SIL Open Font License 1.1,embedded metadata / bundled OFL / Google Fonts / 1001Fonts,local metadata or bundled OFL; https://openfontlicense.org/; https://fonts.google.com/faq,OK for commercial use,OFL permits commercial use and redistribution/bundling subject to OFL terms; do not sell the font by itself.,"This Font Software is licensed under the SIL Open Font License, Version 1.1. This license is available with a FAQ at: http://scripts.sil.org/OFL",http://scripts.sil.org/OFL,Copyright 2015 The Arima Project Authors (info@ndiscovered.com)
arima-madurai/ArimaMadurai-Medium.ttf,ArimaMadurai-Medium.ttf,Arima Madurai,Arima Madurai,Medium,Arima Madurai Medium,ArimaMadurai-Medium,Commercial-free use,SIL Open Font License 1.1,embedded metadata / bundled OFL / Google Fonts / 1001Fonts,local metadata or bundled OFL; https://openfontlicense.org/; https://fonts.google.com/faq,OK for commercial use,OFL permits commercial use and redistribution/bundling subject to OFL terms; do not sell the font by itself.,"This Font Software is licensed under the SIL Open Font License, Version 1.1. This license is available with a FAQ at: http://scripts.sil.org/OFL",http://scripts.sil.org/OFL,Copyright 2015 The Arima Project Authors (info@ndiscovered.com)
arima-madurai/ArimaMadurai-Regular.ttf,ArimaMadurai-Regular.ttf,Arima Madurai,Arima Madurai,Regular,Arima Madurai,ArimaMadurai-Regular,Commercial-free use,SIL Open Font License 1.1,embedded metadata / bundled OFL / Google Fonts / 1001Fonts,local metadata or bundled OFL; https://openfontlicense.org/; https://fonts.google.com/faq,OK for commercial use,OFL permits commercial use and redistribution/bundling subject to OFL terms; do not sell the font by itself.,"This Font Software is licensed under the SIL Open Font License, Version 1.1. This license is available with a FAQ at: http://scripts.sil.org/OFL",http://scripts.sil.org/OFL,Copyright 2015 The Arima Project Authors (info@ndiscovered.com)
arima-madurai/ArimaMadurai-Thin.ttf,ArimaMadurai-Thin.ttf,Arima Madurai,Arima Madurai,Thin,Arima Madurai Thin,ArimaMadurai-Thin,Commercial-free use,SIL Open Font License 1.1,embedded metadata / bundled OFL / Google Fonts / 1001Fonts,local metadata or bundled OFL; https://openfontlicense.org/; https://fonts.google.com/faq,OK for commercial use,OFL permits commercial use and redistribution/bundling subject to OFL terms; do not sell the font by itself.,"This Font Software is licensed under the SIL Open Font License, Version 1.1. This license is available with a FAQ at: http://scripts.sil.org/OFL",http://scripts.sil.org/OFL,Copyright 2015 The Arima Project Authors (info@ndiscovered.com)
averia_serif/AveriaSerif-Bold.ttf,AveriaSerif-Bold.ttf,Averia Serif,Averia Serif,Bold,AveriaSerif-Bold,AveriaSerif-Bold,Commercial-free use,SIL Open Font License 1.1,embedded metadata / bundled OFL / Google Fonts / 1001Fonts,local metadata or bundled OFL; https://openfontlicense.org/; https://fonts.google.com/faq,OK for commercial use,OFL permits commercial use and redistribution/bundling subject to OFL terms; do not sell the font by itself.,"Copyright (c) 2011, Dan Sayers (i@iotic.com),
with Reserved Font Name Averia Serif.

This Font Software is licensed under the SIL Open Font License, Version 1.1.
This license is copied below, and is also available with a FAQ at:
http://scripts.sil.org/OFL


-----------------------------------------------------------
SIL OPEN FONT LICENSE Version 1.1 - 26 February 2007
-----------------------------------------------------------

PREAMBLE
The goals of the Open Font License (OFL) are to stimulate worldwide
development of collaborative font projects, to support the font creation
efforts of academic and linguistic communities, and to provide a free and
open framework in which fonts may be shared and improved in partnership
with others.

The OFL allows the licensed fonts to be used, studied, modified and
redistributed freely as long as they are not sold by themselves. The
fonts, including any derivative works, can be bundled, embedded, 
redistributed and/or sold with any software provided that any reserved
names are not used by derivative works. The fonts and derivatives,
however, cannot be released under any other type of license. The
requirement for fonts to remain under this license does not apply
to any document created using the fonts or their derivatives.

DEFINITIONS
""Font Software"" refers to the set of files released by the Copyright
Holder(s) under this license and clearly marked as such. This may
include source files, build scripts and documentation.

""Reserved Font Name"" refers to any names specified as such after the
copyright statement(s).

""Original Version"" refers to the collection of Font Software components as
distributed by the Copyright Holder(s).

""Modified Version"" refers to any derivative made by adding to, deleting,
or substituting -- in part or in whole -- any of the components of the
Original Version, by changing formats or by porting the Font Software to a
new environment.

""Author"" refers to any designer, engineer, programmer, technical
writer or other person who contributed to the Font Software.

PERMISSION & CONDITIONS
Permission is hereby granted, free of charge, to any person obtaining
a copy of the Font Software, to use, study, copy, merge, embed, modify,
redistribute, and sell modified and unmodified copies of the Font
Software, subject to the following conditions:

1) Neither the Font Software nor any of its individual components,
in Original or Modified Versions, may be sold by itself.

2) Original or Modified Versions of the Font Software may be bundled,
redistributed and/or sold with any software, provided that each copy
contains the above copyright notice and this license. These can be
included either as stand-alone text files, human-readable headers or
in the appropriate machine-readable metadata fields within text or
binary files as long as those fields can be easily viewed by the user.

3) No Modified Version of the Font Software may use the Reserved Font
Name(s) unless explicit written permission is granted by the corresponding
Copyright Holder. This restriction only applies to the primary font name as
presented to the users.

4) The name(s) of the Copyright Holder(s) or the Author(s) of the Font
Software shall not be used to promote, endorse or advertise any
Modified Version, except to acknowledge the contribution(s) of the
Copyright Holder(s) and the Author(s) or with their explicit written
permission.

5) The Font Software, modified or unmodified, in part or in whole,
must be distributed entirely under this license, and must not be
distributed under any other license. The requirement for fonts to
remain under this license does not apply to any document created
using the Font Software.

TERMINATION
This license becomes null and void if any of the above conditions are
not met.

DISCLAIMER
THE FONT SOFTWARE IS PROVIDED ""AS IS"", WITHOUT WARRANTY OF ANY KIND,
EXPRESS OR IMPLIED, INCLUDING BUT NOT LIMITED TO ANY WARRANTIES OF
MERCHANTABILITY, FITNESS FOR A PARTICULAR PURPOSE AND NONINFRINGEMENT
OF COPYRIGHT, PATENT, TRADEMARK, OR OTHER RIGHT. IN NO EVENT SHALL THE
COPYRIGHT HOLDER BE LIABLE FOR ANY CLAIM, DAMAGES OR OTHER LIABILITY,
INCLUDING ANY GENERAL, SPECIAL, INDIRECT, INCIDENTAL, OR CONSEQUENTIAL
DAMAGES, WHETHER IN AN ACTION OF CONTRACT, TORT OR OTHERWISE, ARISING
FROM, OUT OF THE USE OR INABILITY TO USE THE FONT SOFTWARE OR FROM
OTHER DEALINGS IN THE FONT SOFTWARE.",http://scripts.sil.org/OFL,"2011, Dan Sayers (i@iotic.com)"
averia_serif/AveriaSerif-BoldItalic.ttf,AveriaSerif-BoldItalic.ttf,Averia Serif,Averia Serif,BoldItalic,AveriaSerif-BoldItalic,AveriaSerif-BoldItalic,Commercial-free use,SIL Open Font License 1.1,embedded metadata / bundled OFL / Google Fonts / 1001Fonts,local metadata or bundled OFL; https://openfontlicense.org/; https://fonts.google.com/faq,OK for commercial use,OFL permits commercial use and redistribution/bundling subject to OFL terms; do not sell the font by itself.,"Copyright (c) 2011, Dan Sayers (i@iotic.com),
with Reserved Font Name Averia Serif.

This Font Software is licensed under the SIL Open Font License, Version 1.1.
This license is copied below, and is also available with a FAQ at:
http://scripts.sil.org/OFL


-----------------------------------------------------------
SIL OPEN FONT LICENSE Version 1.1 - 26 February 2007
-----------------------------------------------------------

PREAMBLE
The goals of the Open Font License (OFL) are to stimulate worldwide
development of collaborative font projects, to support the font creation
efforts of academic and linguistic communities, and to provide a free and
open framework in which fonts may be shared and improved in partnership
with others.

The OFL allows the licensed fonts to be used, studied, modified and
redistributed freely as long as they are not sold by themselves. The
fonts, including any derivative works, can be bundled, embedded, 
redistributed and/or sold with any software provided that any reserved
names are not used by derivative works. The fonts and derivatives,
however, cannot be released under any other type of license. The
requirement for fonts to remain under this license does not apply
to any document created using the fonts or their derivatives.

DEFINITIONS
""Font Software"" refers to the set of files released by the Copyright
Holder(s) under this license and clearly marked as such. This may
include source files, build scripts and documentation.

""Reserved Font Name"" refers to any names specified as such after the
copyright statement(s).

""Original Version"" refers to the collection of Font Software components as
distributed by the Copyright Holder(s).

""Modified Version"" refers to any derivative made by adding to, deleting,
or substituting -- in part or in whole -- any of the components of the
Original Version, by changing formats or by porting the Font Software to a
new environment.

""Author"" refers to any designer, engineer, programmer, technical
writer or other person who contributed to the Font Software.

PERMISSION & CONDITIONS
Permission is hereby granted, free of charge, to any person obtaining
a copy of the Font Software, to use, study, copy, merge, embed, modify,
redistribute, and sell modified and unmodified copies of the Font
Software, subject to the following conditions:

1) Neither the Font Software nor any of its individual components,
in Original or Modified Versions, may be sold by itself.

2) Original or Modified Versions of the Font Software may be bundled,
redistributed and/or sold with any software, provided that each copy
contains the above copyright notice and this license. These can be
included either as stand-alone text files, human-readable headers or
in the appropriate machine-readable metadata fields within text or
binary files as long as those fields can be easily viewed by the user.

3) No Modified Version of the Font Software may use the Reserved Font
Name(s) unless explicit written permission is granted by the corresponding
Copyright Holder. This restriction only applies to the primary font name as
presented to the users.

4) The name(s) of the Copyright Holder(s) or the Author(s) of the Font
Software shall not be used to promote, endorse or advertise any
Modified Version, except to acknowledge the contribution(s) of the
Copyright Holder(s) and the Author(s) or with their explicit written
permission.

5) The Font Software, modified or unmodified, in part or in whole,
must be distributed entirely under this license, and must not be
distributed under any other license. The requirement for fonts to
remain under this license does not apply to any document created
using the Font Software.

TERMINATION
This license becomes null and void if any of the above conditions are
not met.

DISCLAIMER
THE FONT SOFTWARE IS PROVIDED ""AS IS"", WITHOUT WARRANTY OF ANY KIND,
EXPRESS OR IMPLIED, INCLUDING BUT NOT LIMITED TO ANY WARRANTIES OF
MERCHANTABILITY, FITNESS FOR A PARTICULAR PURPOSE AND NONINFRINGEMENT
OF COPYRIGHT, PATENT, TRADEMARK, OR OTHER RIGHT. IN NO EVENT SHALL THE
COPYRIGHT HOLDER BE LIABLE FOR ANY CLAIM, DAMAGES OR OTHER LIABILITY,
INCLUDING ANY GENERAL, SPECIAL, INDIRECT, INCIDENTAL, OR CONSEQUENTIAL
DAMAGES, WHETHER IN AN ACTION OF CONTRACT, TORT OR OTHERWISE, ARISING
FROM, OUT OF THE USE OR INABILITY TO USE THE FONT SOFTWARE OR FROM
OTHER DEALINGS IN THE FONT SOFTWARE.",http://scripts.sil.org/OFL,"2011, Dan Sayers (i@iotic.com)"
averia_serif/AveriaSerif-Italic.ttf,AveriaSerif-Italic.ttf,Averia Serif,Averia Serif,Italic,AveriaSerif-Italic,AveriaSerif-Italic,Commercial-free use,SIL Open Font License 1.1,embedded metadata / bundled OFL / Google Fonts / 1001Fonts,local metadata or bundled OFL; https://openfontlicense.org/; https://fonts.google.com/faq,OK for commercial use,OFL permits commercial use and redistribution/bundling subject to OFL terms; do not sell the font by itself.,"Copyright (c) 2011, Dan Sayers (i@iotic.com),
with Reserved Font Name Averia Serif.

This Font Software is licensed under the SIL Open Font License, Version 1.1.
This license is copied below, and is also available with a FAQ at:
http://scripts.sil.org/OFL


-----------------------------------------------------------
SIL OPEN FONT LICENSE Version 1.1 - 26 February 2007
-----------------------------------------------------------

PREAMBLE
The goals of the Open Font License (OFL) are to stimulate worldwide
development of collaborative font projects, to support the font creation
efforts of academic and linguistic communities, and to provide a free and
open framework in which fonts may be shared and improved in partnership
with others.

The OFL allows the licensed fonts to be used, studied, modified and
redistributed freely as long as they are not sold by themselves. The
fonts, including any derivative works, can be bundled, embedded, 
redistributed and/or sold with any software provided that any reserved
names are not used by derivative works. The fonts and derivatives,
however, cannot be released under any other type of license. The
requirement for fonts to remain under this license does not apply
to any document created using the fonts or their derivatives.

DEFINITIONS
""Font Software"" refers to the set of files released by the Copyright
Holder(s) under this license and clearly marked as such. This may
include source files, build scripts and documentation.

""Reserved Font Name"" refers to any names specified as such after the
copyright statement(s).

""Original Version"" refers to the collection of Font Software components as
distributed by the Copyright Holder(s).

""Modified Version"" refers to any derivative made by adding to, deleting,
or substituting -- in part or in whole -- any of the components of the
Original Version, by changing formats or by porting the Font Software to a
new environment.

""Author"" refers to any designer, engineer, programmer, technical
writer or other person who contributed to the Font Software.

PERMISSION & CONDITIONS
Permission is hereby granted, free of charge, to any person obtaining
a copy of the Font Software, to use, study, copy, merge, embed, modify,
redistribute, and sell modified and unmodified copies of the Font
Software, subject to the following conditions:

1) Neither the Font Software nor any of its individual components,
in Original or Modified Versions, may be sold by itself.

2) Original or Modified Versions of the Font Software may be bundled,
redistributed and/or sold with any software, provided that each copy
contains the above copyright notice and this license. These can be
included either as stand-alone text files, human-readable headers or
in the appropriate machine-readable metadata fields within text or
binary files as long as those fields can be easily viewed by the user.

3) No Modified Version of the Font Software may use the Reserved Font
Name(s) unless explicit written permission is granted by the corresponding
Copyright Holder. This restriction only applies to the primary font name as
presented to the users.

4) The name(s) of the Copyright Holder(s) or the Author(s) of the Font
Software shall not be used to promote, endorse or advertise any
Modified Version, except to acknowledge the contribution(s) of the
Copyright Holder(s) and the Author(s) or with their explicit written
permission.

5) The Font Software, modified or unmodified, in part or in whole,
must be distributed entirely under this license, and must not be
distributed under any other license. The requirement for fonts to
remain under this license does not apply to any document created
using the Font Software.

TERMINATION
This license becomes null and void if any of the above conditions are
not met.

DISCLAIMER
THE FONT SOFTWARE IS PROVIDED ""AS IS"", WITHOUT WARRANTY OF ANY KIND,
EXPRESS OR IMPLIED, INCLUDING BUT NOT LIMITED TO ANY WARRANTIES OF
MERCHANTABILITY, FITNESS FOR A PARTICULAR PURPOSE AND NONINFRINGEMENT
OF COPYRIGHT, PATENT, TRADEMARK, OR OTHER RIGHT. IN NO EVENT SHALL THE
COPYRIGHT HOLDER BE LIABLE FOR ANY CLAIM, DAMAGES OR OTHER LIABILITY,
INCLUDING ANY GENERAL, SPECIAL, INDIRECT, INCIDENTAL, OR CONSEQUENTIAL
DAMAGES, WHETHER IN AN ACTION OF CONTRACT, TORT OR OTHERWISE, ARISING
FROM, OUT OF THE USE OR INABILITY TO USE THE FONT SOFTWARE OR FROM
OTHER DEALINGS IN THE FONT SOFTWARE.",http://scripts.sil.org/OFL,"2011, Dan Sayers (i@iotic.com)"
averia_serif/AveriaSerif-Light.ttf,AveriaSerif-Light.ttf,Averia Serif,Averia Serif,Light,AveriaSerif-Light,AveriaSerif-Light,Commercial-free use,SIL Open Font License 1.1,embedded metadata / bundled OFL / Google Fonts / 1001Fonts,local metadata or bundled OFL; https://openfontlicense.org/; https://fonts.google.com/faq,OK for commercial use,OFL permits commercial use and redistribution/bundling subject to OFL terms; do not sell the font by itself.,"Copyright (c) 2011, Dan Sayers (i@iotic.com),
with Reserved Font Name Averia Serif.

This Font Software is licensed under the SIL Open Font License, Version 1.1.
This license is copied below, and is also available with a FAQ at:
http://scripts.sil.org/OFL


-----------------------------------------------------------
SIL OPEN FONT LICENSE Version 1.1 - 26 February 2007
-----------------------------------------------------------

PREAMBLE
The goals of the Open Font License (OFL) are to stimulate worldwide
development of collaborative font projects, to support the font creation
efforts of academic and linguistic communities, and to provide a free and
open framework in which fonts may be shared and improved in partnership
with others.

The OFL allows the licensed fonts to be used, studied, modified and
redistributed freely as long as they are not sold by themselves. The
fonts, including any derivative works, can be bundled, embedded, 
redistributed and/or sold with any software provided that any reserved
names are not used by derivative works. The fonts and derivatives,
however, cannot be released under any other type of license. The
requirement for fonts to remain under this license does not apply
to any document created using the fonts or their derivatives.

DEFINITIONS
""Font Software"" refers to the set of files released by the Copyright
Holder(s) under this license and clearly marked as such. This may
include source files, build scripts and documentation.

""Reserved Font Name"" refers to any names specified as such after the
copyright statement(s).

""Original Version"" refers to the collection of Font Software components as
distributed by the Copyright Holder(s).

""Modified Version"" refers to any derivative made by adding to, deleting,
or substituting -- in part or in whole -- any of the components of the
Original Version, by changing formats or by porting the Font Software to a
new environment.

""Author"" refers to any designer, engineer, programmer, technical
writer or other person who contributed to the Font Software.

PERMISSION & CONDITIONS
Permission is hereby granted, free of charge, to any person obtaining
a copy of the Font Software, to use, study, copy, merge, embed, modify,
redistribute, and sell modified and unmodified copies of the Font
Software, subject to the following conditions:

1) Neither the Font Software nor any of its individual components,
in Original or Modified Versions, may be sold by itself.

2) Original or Modified Versions of the Font Software may be bundled,
redistributed and/or sold with any software, provided that each copy
contains the above copyright notice and this license. These can be
included either as stand-alone text files, human-readable headers or
in the appropriate machine-readable metadata fields within text or
binary files as long as those fields can be easily viewed by the user.

3) No Modified Version of the Font Software may use the Reserved Font
Name(s) unless explicit written permission is granted by the corresponding
Copyright Holder. This restriction only applies to the primary font name as
presented to the users.

4) The name(s) of the Copyright Holder(s) or the Author(s) of the Font
Software shall not be used to promote, endorse or advertise any
Modified Version, except to acknowledge the contribution(s) of the
Copyright Holder(s) and the Author(s) or with their explicit written
permission.

5) The Font Software, modified or unmodified, in part or in whole,
must be distributed entirely under this license, and must not be
distributed under any other license. The requirement for fonts to
remain under this license does not apply to any document created
using the Font Software.

TERMINATION
This license becomes null and void if any of the above conditions are
not met.

DISCLAIMER
THE FONT SOFTWARE IS PROVIDED ""AS IS"", WITHOUT WARRANTY OF ANY KIND,
EXPRESS OR IMPLIED, INCLUDING BUT NOT LIMITED TO ANY WARRANTIES OF
MERCHANTABILITY, FITNESS FOR A PARTICULAR PURPOSE AND NONINFRINGEMENT
OF COPYRIGHT, PATENT, TRADEMARK, OR OTHER RIGHT. IN NO EVENT SHALL THE
COPYRIGHT HOLDER BE LIABLE FOR ANY CLAIM, DAMAGES OR OTHER LIABILITY,
INCLUDING ANY GENERAL, SPECIAL, INDIRECT, INCIDENTAL, OR CONSEQUENTIAL
DAMAGES, WHETHER IN AN ACTION OF CONTRACT, TORT OR OTHERWISE, ARISING
FROM, OUT OF THE USE OR INABILITY TO USE THE FONT SOFTWARE OR FROM
OTHER DEALINGS IN THE FONT SOFTWARE.",http://scripts.sil.org/OFL,"2011, Dan Sayers (i@iotic.com)"
averia_serif/AveriaSerif-LightItalic.ttf,AveriaSerif-LightItalic.ttf,Averia Serif,Averia Serif,LightItalic,AveriaSerif-LightItalic,AveriaSerif-LightItalic,Commercial-free use,SIL Open Font License 1.1,embedded metadata / bundled OFL / Google Fonts / 1001Fonts,local metadata or bundled OFL; https://openfontlicense.org/; https://fonts.google.com/faq,OK for commercial use,OFL permits commercial use and redistribution/bundling subject to OFL terms; do not sell the font by itself.,"Copyright (c) 2011, Dan Sayers (i@iotic.com),
with Reserved Font Name Averia Serif.

This Font Software is licensed under the SIL Open Font License, Version 1.1.
This license is copied below, and is also available with a FAQ at:
http://scripts.sil.org/OFL


-----------------------------------------------------------
SIL OPEN FONT LICENSE Version 1.1 - 26 February 2007
-----------------------------------------------------------

PREAMBLE
The goals of the Open Font License (OFL) are to stimulate worldwide
development of collaborative font projects, to support the font creation
efforts of academic and linguistic communities, and to provide a free and
open framework in which fonts may be shared and improved in partnership
with others.

The OFL allows the licensed fonts to be used, studied, modified and
redistributed freely as long as they are not sold by themselves. The
fonts, including any derivative works, can be bundled, embedded, 
redistributed and/or sold with any software provided that any reserved
names are not used by derivative works. The fonts and derivatives,
however, cannot be released under any other type of license. The
requirement for fonts to remain under this license does not apply
to any document created using the fonts or their derivatives.

DEFINITIONS
""Font Software"" refers to the set of files released by the Copyright
Holder(s) under this license and clearly marked as such. This may
include source files, build scripts and documentation.

""Reserved Font Name"" refers to any names specified as such after the
copyright statement(s).

""Original Version"" refers to the collection of Font Software components as
distributed by the Copyright Holder(s).

""Modified Version"" refers to any derivative made by adding to, deleting,
or substituting -- in part or in whole -- any of the components of the
Original Version, by changing formats or by porting the Font Software to a
new environment.

""Author"" refers to any designer, engineer, programmer, technical
writer or other person who contributed to the Font Software.

PERMISSION & CONDITIONS
Permission is hereby granted, free of charge, to any person obtaining
a copy of the Font Software, to use, study, copy, merge, embed, modify,
redistribute, and sell modified and unmodified copies of the Font
Software, subject to the following conditions:

1) Neither the Font Software nor any of its individual components,
in Original or Modified Versions, may be sold by itself.

2) Original or Modified Versions of the Font Software may be bundled,
redistributed and/or sold with any software, provided that each copy
contains the above copyright notice and this license. These can be
included either as stand-alone text files, human-readable headers or
in the appropriate machine-readable metadata fields within text or
binary files as long as those fields can be easily viewed by the user.

3) No Modified Version of the Font Software may use the Reserved Font
Name(s) unless explicit written permission is granted by the corresponding
Copyright Holder. This restriction only applies to the primary font name as
presented to the users.

4) The name(s) of the Copyright Holder(s) or the Author(s) of the Font
Software shall not be used to promote, endorse or advertise any
Modified Version, except to acknowledge the contribution(s) of the
Copyright Holder(s) and the Author(s) or with their explicit written
permission.

5) The Font Software, modified or unmodified, in part or in whole,
must be distributed entirely under this license, and must not be
distributed under any other license. The requirement for fonts to
remain under this license does not apply to any document created
using the Font Software.

TERMINATION
This license becomes null and void if any of the above conditions are
not met.

DISCLAIMER
THE FONT SOFTWARE IS PROVIDED ""AS IS"", WITHOUT WARRANTY OF ANY KIND,
EXPRESS OR IMPLIED, INCLUDING BUT NOT LIMITED TO ANY WARRANTIES OF
MERCHANTABILITY, FITNESS FOR A PARTICULAR PURPOSE AND NONINFRINGEMENT
OF COPYRIGHT, PATENT, TRADEMARK, OR OTHER RIGHT. IN NO EVENT SHALL THE
COPYRIGHT HOLDER BE LIABLE FOR ANY CLAIM, DAMAGES OR OTHER LIABILITY,
INCLUDING ANY GENERAL, SPECIAL, INDIRECT, INCIDENTAL, OR CONSEQUENTIAL
DAMAGES, WHETHER IN AN ACTION OF CONTRACT, TORT OR OTHERWISE, ARISING
FROM, OUT OF THE USE OR INABILITY TO USE THE FONT SOFTWARE OR FROM
OTHER DEALINGS IN THE FONT SOFTWARE.",http://scripts.sil.org/OFL,"2011, Dan Sayers (i@iotic.com)"
averia_serif/AveriaSerif-Regular.ttf,AveriaSerif-Regular.ttf,Averia Serif,Averia Serif,Regular,AveriaSerif-Regular,AveriaSerif-Regular,Commercial-free use,SIL Open Font License 1.1,embedded metadata / bundled OFL / Google Fonts / 1001Fonts,local metadata or bundled OFL; https://openfontlicense.org/; https://fonts.google.com/faq,OK for commercial use,OFL permits commercial use and redistribution/bundling subject to OFL terms; do not sell the font by itself.,"Copyright (c) 2011, Dan Sayers (i@iotic.com),
with Reserved Font Name Averia Serif.

This Font Software is licensed under the SIL Open Font License, Version 1.1.
This license is copied below, and is also available with a FAQ at:
http://scripts.sil.org/OFL


-----------------------------------------------------------
SIL OPEN FONT LICENSE Version 1.1 - 26 February 2007
-----------------------------------------------------------

PREAMBLE
The goals of the Open Font License (OFL) are to stimulate worldwide
development of collaborative font projects, to support the font creation
efforts of academic and linguistic communities, and to provide a free and
open framework in which fonts may be shared and improved in partnership
with others.

The OFL allows the licensed fonts to be used, studied, modified and
redistributed freely as long as they are not sold by themselves. The
fonts, including any derivative works, can be bundled, embedded, 
redistributed and/or sold with any software provided that any reserved
names are not used by derivative works. The fonts and derivatives,
however, cannot be released under any other type of license. The
requirement for fonts to remain under this license does not apply
to any document created using the fonts or their derivatives.

DEFINITIONS
""Font Software"" refers to the set of files released by the Copyright
Holder(s) under this license and clearly marked as such. This may
include source files, build scripts and documentation.

""Reserved Font Name"" refers to any names specified as such after the
copyright statement(s).

""Original Version"" refers to the collection of Font Software components as
distributed by the Copyright Holder(s).

""Modified Version"" refers to any derivative made by adding to, deleting,
or substituting -- in part or in whole -- any of the components of the
Original Version, by changing formats or by porting the Font Software to a
new environment.

""Author"" refers to any designer, engineer, programmer, technical
writer or other person who contributed to the Font Software.

PERMISSION & CONDITIONS
Permission is hereby granted, free of charge, to any person obtaining
a copy of the Font Software, to use, study, copy, merge, embed, modify,
redistribute, and sell modified and unmodified copies of the Font
Software, subject to the following conditions:

1) Neither the Font Software nor any of its individual components,
in Original or Modified Versions, may be sold by itself.

2) Original or Modified Versions of the Font Software may be bundled,
redistributed and/or sold with any software, provided that each copy
contains the above copyright notice and this license. These can be
included either as stand-alone text files, human-readable headers or
in the appropriate machine-readable metadata fields within text or
binary files as long as those fields can be easily viewed by the user.

3) No Modified Version of the Font Software may use the Reserved Font
Name(s) unless explicit written permission is granted by the corresponding
Copyright Holder. This restriction only applies to the primary font name as
presented to the users.

4) The name(s) of the Copyright Holder(s) or the Author(s) of the Font
Software shall not be used to promote, endorse or advertise any
Modified Version, except to acknowledge the contribution(s) of the
Copyright Holder(s) and the Author(s) or with their explicit written
permission.

5) The Font Software, modified or unmodified, in part or in whole,
must be distributed entirely under this license, and must not be
distributed under any other license. The requirement for fonts to
remain under this license does not apply to any document created
using the Font Software.

TERMINATION
This license becomes null and void if any of the above conditions are
not met.

DISCLAIMER
THE FONT SOFTWARE IS PROVIDED ""AS IS"", WITHOUT WARRANTY OF ANY KIND,
EXPRESS OR IMPLIED, INCLUDING BUT NOT LIMITED TO ANY WARRANTIES OF
MERCHANTABILITY, FITNESS FOR A PARTICULAR PURPOSE AND NONINFRINGEMENT
OF COPYRIGHT, PATENT, TRADEMARK, OR OTHER RIGHT. IN NO EVENT SHALL THE
COPYRIGHT HOLDER BE LIABLE FOR ANY CLAIM, DAMAGES OR OTHER LIABILITY,
INCLUDING ANY GENERAL, SPECIAL, INDIRECT, INCIDENTAL, OR CONSEQUENTIAL
DAMAGES, WHETHER IN AN ACTION OF CONTRACT, TORT OR OTHERWISE, ARISING
FROM, OUT OF THE USE OR INABILITY TO USE THE FONT SOFTWARE OR FROM
OTHER DEALINGS IN THE FONT SOFTWARE.",http://scripts.sil.org/OFL,"2011, Dan Sayers (i@iotic.com)"
benjamin-franklin/BenjaminFranklin.ttf,BenjaminFranklin.ttf,Benjamin Franklin,Benjamin Franklin,Regular,Benjamin Franklin,BenjaminFranklin,Commercial-free use,1001Fonts Free For Commercial Use License (FFC),bundled 1001Fonts EULA / readme,local 1001fonts-*-eula.txt,OK for commercial use,Allows personal and commercial use; do not sell/publish the font files as a standalone font product.,,,"Copyright (c) Typographer Mediengestaltung, 2000. All rights reserved. Adapted by Walter Kafton-Minkel 1991 from the ""Ben Franklin font"" in Rob Roy Kelly s Wood Type Alphabets. Full character set added by Dieter Steffmann, Kreuztal."
captainswabby/CaptainSwabbyNF.otf,CaptainSwabbyNF.otf,Captain Swabby NF,Captain Swabby NF,Regular,CaptainSwabbyNF,CaptainSwabbyNF,Commercial-free use,1001Fonts Free For Commercial Use License (FFC),bundled 1001Fonts EULA / readme,local 1001fonts-*-eula.txt,OK for commercial use,Allows personal and commercial use; do not sell/publish the font files as a standalone font product.,"By using or installing this font data, you (or you on behalf of your employer) agree to be bound by the terms of this Agreement. This Agreement constitutes the complete agreement between you and Nick's Fonts.

YOU MAY:

-Send a copy of any Nick's Fonts font data along with your documents to a commercial printer or other service bureau to enable the editing or printing of your document.

-Use this font data to embed fonts within PostScript files or PDF files for distribution, viewing, and imaging to third parties.

-Use this font for personal projects or for projects for which you are paid including, but not limited to, artwork, logotypes, personalized apparel, word art and web graphics.

YOU MAY NOT:

-Modify, adapt, translate, reverse engineer, decompile, disassemble or create derivative works based on the Nick's Fonts font data without Nick's Fonts's prior written consent.

-Sell this font data AS FONT DATA to a third party under any circumstances including, but not limited to, rubber-stamp alphabets, die-cut alphabets, rub-on alphabets, or digitized fonts for embroidery.
 
NICK'S FONTS SHALL NOT BE LIABLE FOR ANY DIRECT, INDIRECT, CONSEQUENTIAL OR INCIDENTAL DAMAGES ARISING OUT OF THE USE OF OR INABILITY TO USE THE NICK'S FONTS FONT DATA.",,"Copyright (c) 1999, 2006 Nick Curtis. All Rights Reserved. Distributed under the 1001Fonts Free For Commercial Use License (FFC) http://www.1001fonts.com/licenses/ffc.html - PayPal donations in any amount may be made at nicksfonts.com."
captainswabby/CaptainSwabbyNF.ttf,CaptainSwabbyNF.ttf,Captain Swabby NF,Captain Swabby NF,Regular,CaptainSwabbyNF,CaptainSwabbyNF,Commercial-free use,1001Fonts Free For Commercial Use License (FFC),bundled 1001Fonts EULA / readme,local 1001fonts-*-eula.txt,OK for commercial use,Allows personal and commercial use; do not sell/publish the font files as a standalone font product.,"By using or installing this font data, you (or you on behalf of your employer) agree to be bound by the terms of this Agreement. This Agreement constitutes the complete agreement between you and Nick's Fonts.

YOU MAY:

-Send a copy of any Nick's Fonts font data along with your documents to a commercial printer or other service bureau to enable the editing or printing of your document.

-Use this font data to embed fonts within PostScript files or PDF files for distribution, viewing, and imaging to third parties.

-Use this font for personal projects or for projects for which you are paid including, but not limited to, artwork, logotypes, personalized apparel, word art and web graphics.

YOU MAY NOT:

-Modify, adapt, translate, reverse engineer, decompile, disassemble or create derivative works based on the Nick's Fonts font data without Nick's Fonts's prior written consent.

-Sell this font data AS FONT DATA to a third party under any circumstances including, but not limited to, rubber-stamp alphabets, die-cut alphabets, rub-on alphabets, or digitized fonts for embroidery.
 
NICK'S FONTS SHALL NOT BE LIABLE FOR ANY DIRECT, INDIRECT, CONSEQUENTIAL OR INCIDENTAL DAMAGES ARISING OUT OF THE USE OF OR INABILITY TO USE THE NICK'S FONTS FONT DATA.",,"Copyright (c) 1999, 2006 Nick Curtis. All Rights Reserved. Distributed under the 1001Fonts Free For Commercial Use License (FFC) http://www.1001fonts.com/licenses/ffc.html - PayPal donations in any amount may be made at nicksfonts.com."
challenge/ChallengeContour.ttf,ChallengeContour.ttf,Challenge Contour,Challenge Contour,Regular,Challenge Contour,ChallengeContour,Commercial-free use,1001Fonts FFC,bundled 1001Fonts EULA,local 1001fonts-challenge-eula.txt,OK for commercial use,,,,"Copyright (c) Typographer Mediengestaltung, 2000. All rights reserved."
challenge/ChallengeShadow.ttf,ChallengeShadow.ttf,Challenge Shadow,Challenge Shadow,Regular,Challenge Shadow,ChallengeShadow,Commercial-free use,1001Fonts FFC,bundled 1001Fonts EULA,local 1001fonts-challenge-eula.txt,OK for commercial use,,,,"Copyright (c) Typographer Mediengestaltung, 2000. All rights reserved."
coiny/Coiny-Cyrillic.ttf,Coiny-Cyrillic.ttf,Coiny Cyrillic,Coiny Cyrillic,Regular,Coiny Cyrillic,CoinyCyrillic,Commercial-free use,SIL Open Font License 1.1,embedded metadata / bundled OFL / Google Fonts / 1001Fonts,local metadata or bundled OFL; https://openfontlicense.org/; https://fonts.google.com/faq,OK for commercial use,OFL permits commercial use and redistribution/bundling subject to OFL terms; do not sell the font by itself.,SIL Open Font License,http://scripts.sil.org/OFL,"Copyright (c) 2015, Marcelo Magalhaes. (c) 2018, Denis Ignatov."
dream_orphans/Dream Orphans Bd It.otf,Dream Orphans Bd It.otf,Dream Orphans,Dream Orphans,Bold Italic,DreamOrphans-BoldItalic,DreamOrphans-BoldItalic,Commercial-free use,Creative Commons Zero (CC0),bundled local license file,local License.txt / license.txt,OK for commercial use,Public-domain-style CC0 dedication in bundled license.,,https://creativecommons.org/publicdomain/zero/1.0/,Released in 2022 under CC0 license. No rights reserved.
dream_orphans/Dream Orphans Bd.otf,Dream Orphans Bd.otf,Dream Orphans,Dream Orphans,Bold,DreamOrphans-Bold,DreamOrphans-Bold,Commercial-free use,Creative Commons Zero (CC0),bundled local license file,local License.txt / license.txt,OK for commercial use,Public-domain-style CC0 dedication in bundled license.,,https://creativecommons.org/publicdomain/zero/1.0/,Released in 2022 under CC0 license. No rights reserved.
dream_orphans/Dream Orphans It.otf,Dream Orphans It.otf,Dream Orphans,Dream Orphans,Italic,DreamOrphans-Italic,DreamOrphans-Italic,Commercial-free use,Creative Commons Zero (CC0),bundled local license file,local License.txt / license.txt,OK for commercial use,Public-domain-style CC0 dedication in bundled license.,,https://creativecommons.org/publicdomain/zero/1.0/,Released in 2022 under CC0 license. No rights reserved.
dream_orphans/Dream Orphans.otf,Dream Orphans.otf,Dream Orphans,Dream Orphans,Regular,DreamOrphans-Regular,DreamOrphans-Regular,Commercial-free use,Creative Commons Zero (CC0),bundled local license file,local License.txt / license.txt,OK for commercial use,Public-domain-style CC0 dedication in bundled license.,,https://creativecommons.org/publicdomain/zero/1.0/,Released in 2022 under CC0 license. No rights reserved.
kongtext.ttf,kongtext.ttf,Kongtext,Kongtext,Regular,Kongtext Regular,KongtextRegular,Commercial-free use,Custom freeware / 1001Fonts free for commercial use,1001Fonts / Fonts4Free / source mirrors,https://www.1001fonts.com/kongtext-font.html; https://www.1001fonts.com/lunchtime-doubly-so-font.html; https://www.1001fonts.com/manaspace-font.html; https://www.1001fonts.com/yoster-island-font.html; https://www.1001fonts.com/pc-senior-font.html,OK for commercial use,Commonly listed as personal + commercial free; preserve original license/readme where available.,,,TrueType conversion © 2003 codeman38.
lunchds.ttf,lunchds.ttf,Lunchtime Doubly So,Lunchtime Doubly So,Regular,Lunchtime Doubly So Regular,LunchtimeDoublySoReg,Commercial-free use,Custom freeware / 1001Fonts free for commercial use,1001Fonts / Fonts4Free / source mirrors,https://www.1001fonts.com/kongtext-font.html; https://www.1001fonts.com/lunchtime-doubly-so-font.html; https://www.1001fonts.com/manaspace-font.html; https://www.1001fonts.com/yoster-island-font.html; https://www.1001fonts.com/pc-senior-font.html,OK for commercial use,Commonly listed as personal + commercial free; preserve original license/readme where available.,,,truetype conversion © 2001 codeman38
luxo/Luxo.ttf,Luxo.ttf,Luxo,Luxo,Regular,Luxo,Luxo,Commercial-free use,Freeware; free for personal or commercial use,bundled readme,local luxo/readme.txt,OK for commercial use,Redistribution allowed; font may not be sold.,,,© 1998 utopiafonts. dale_thorpe@bssc.edu.au
manaspc.ttf,manaspc.ttf,Manaspace,Manaspace,Regular,Manaspace Regular,ManaspaceReg,Commercial-free use,Custom freeware / 1001Fonts free for commercial use,1001Fonts / Fonts4Free / source mirrors,https://www.1001fonts.com/kongtext-font.html; https://www.1001fonts.com/lunchtime-doubly-so-font.html; https://www.1001fonts.com/manaspace-font.html; https://www.1001fonts.com/yoster-island-font.html; https://www.1001fonts.com/pc-senior-font.html,OK for commercial use,Commonly listed as personal + commercial free; preserve original license/readme where available.,,,font conversion © 2001 codeman38
miltonburlesque/MiltonBurlesqueNF.otf,MiltonBurlesqueNF.otf,Milton Burlesque NF,Milton Burlesque NF,Regular,MiltonBurlesqueNF,MiltonBurlesqueNF,Commercial-free use,1001Fonts Free For Commercial Use License (FFC),bundled 1001Fonts EULA / readme,local 1001fonts-*-eula.txt,OK for commercial use,Allows personal and commercial use; do not sell/publish the font files as a standalone font product.,"By using or installing this font data, you (or you on behalf of your employer) agree to be bound by the terms of this Agreement. This Agreement constitutes the complete agreement between you and Nick's Fonts.

YOU MAY:

-Send a copy of any Nick's Fonts font data along with your documents to a commercial printer or other service bureau to enable the editing or printing of your document.

-Use this font data to embed fonts within PostScript files or PDF files for distribution, viewing, and imaging to third parties.

-Use this font for personal projects or for projects for which you are paid including, but not limited to, artwork, logotypes, personalized apparel, word art and web graphics.

YOU MAY NOT:

-Modify, adapt, translate, reverse engineer, decompile, disassemble or create derivative works based on the Nick's Fonts font data without Nick's Fonts's prior written consent.

-Sell this font data AS FONT DATA to a third party under any circumstances including, but not limited to, rubber-stamp alphabets, die-cut alphabets, rub-on alphabets, or digitized fonts for embroidery.
 
NICK'S FONTS SHALL NOT BE LIABLE FOR ANY DIRECT, INDIRECT, CONSEQUENTIAL OR INCIDENTAL DAMAGES ARISING OUT OF THE USE OF OR INABILITY TO USE THE NICK'S FONTS FONT DATA.",,"Copyright (c) 2000, 2001, 2006 Nick Curtis. All Rights Reserved. Distributed under the 1001Fonts Free For Commercial Use License (FFC) http://www.1001fonts.com/licenses/ffc.html - PayPal donations in any amount may be made at nicksfonts.com."
miltonburlesque/MiltonBurlesqueNF.ttf,MiltonBurlesqueNF.ttf,Milton Burlesque NF,Milton Burlesque NF,Regular,MiltonBurlesqueNF,MiltonBurlesqueNF,Commercial-free use,1001Fonts Free For Commercial Use License (FFC),bundled 1001Fonts EULA / readme,local 1001fonts-*-eula.txt,OK for commercial use,Allows personal and commercial use; do not sell/publish the font files as a standalone font product.,"By using or installing this font data, you (or you on behalf of your employer) agree to be bound by the terms of this Agreement. This Agreement constitutes the complete agreement between you and Nick's Fonts.

YOU MAY:

-Send a copy of any Nick's Fonts font data along with your documents to a commercial printer or other service bureau to enable the editing or printing of your document.

-Use this font data to embed fonts within PostScript files or PDF files for distribution, viewing, and imaging to third parties.

-Use this font for personal projects or for projects for which you are paid including, but not limited to, artwork, logotypes, personalized apparel, word art and web graphics.

YOU MAY NOT:

-Modify, adapt, translate, reverse engineer, decompile, disassemble or create derivative works based on the Nick's Fonts font data without Nick's Fonts's prior written consent.

-Sell this font data AS FONT DATA to a third party under any circumstances including, but not limited to, rubber-stamp alphabets, die-cut alphabets, rub-on alphabets, or digitized fonts for embroidery.
 
NICK'S FONTS SHALL NOT BE LIABLE FOR ANY DIRECT, INDIRECT, CONSEQUENTIAL OR INCIDENTAL DAMAGES ARISING OUT OF THE USE OF OR INABILITY TO USE THE NICK'S FONTS FONT DATA.",,"Copyright (c) 2000, 2001, 2006 Nick Curtis. All Rights Reserved. Distributed under the 1001Fonts Free For Commercial Use License (FFC) http://www.1001fonts.com/licenses/ffc.html - PayPal donations in any amount may be made at nicksfonts.com."
monkey-fingers/MonkeyFingersNF.otf,MonkeyFingersNF.otf,Monkey Fingers NF,Monkey Fingers NF,Regular,MonkeyFingersNF,MonkeyFingersNF,Commercial-free use,1001Fonts Free For Commercial Use License (FFC),bundled 1001Fonts EULA / readme,local 1001fonts-*-eula.txt,OK for commercial use,Allows personal and commercial use; do not sell/publish the font files as a standalone font product.,"By using or installing this font data, you (or you on behalf of your employer) agree to be bound by the terms of this Agreement. This Agreement constitutes the complete agreement between you and Nick's Fonts.

YOU MAY:

-Send a copy of any Nick's Fonts font data along with your documents to a commercial printer or other service bureau to enable the editing or printing of your document.

-Use this font data to embed fonts within PostScript files or PDF files for distribution, viewing, and imaging to third parties.

-Use this font for personal projects or for projects for which you are paid including, but not limited to, artwork, logotypes, personalized apparel, word art and web graphics.

YOU MAY NOT:

-Modify, adapt, translate, reverse engineer, decompile, disassemble or create derivative works based on the Nick's Fonts font data without Nick's Fonts's prior written consent.

-Sell this font data AS FONT DATA to a third party under any circumstances including, but not limited to, rubber-stamp alphabets, die-cut alphabets, rub-on alphabets, or digitized fonts for embroidery.
 
NICK'S FONTS SHALL NOT BE LIABLE FOR ANY DIRECT, INDIRECT, CONSEQUENTIAL OR INCIDENTAL DAMAGES ARISING OUT OF THE USE OF OR INABILITY TO USE THE NICK'S FONTS FONT DATA.",,"Copyright (c) 1999, 2001, 2006 Nick Curtis. All Rights Reserved. Distributed under the 1001Fonts Free For Commercial Use License (FFC) http://www.1001fonts.com/licenses/ffc.html - PayPal donations in any amount may be made at nicksfonts.com."
monkey-fingers/MonkeyFingersNF.ttf,MonkeyFingersNF.ttf,Monkey Fingers NF,Monkey Fingers NF,Regular,MonkeyFingersNF,MonkeyFingersNF,Commercial-free use,1001Fonts Free For Commercial Use License (FFC),bundled 1001Fonts EULA / readme,local 1001fonts-*-eula.txt,OK for commercial use,Allows personal and commercial use; do not sell/publish the font files as a standalone font product.,"By using or installing this font data, you (or you on behalf of your employer) agree to be bound by the terms of this Agreement. This Agreement constitutes the complete agreement between you and Nick's Fonts.

YOU MAY:

-Send a copy of any Nick's Fonts font data along with your documents to a commercial printer or other service bureau to enable the editing or printing of your document.

-Use this font data to embed fonts within PostScript files or PDF files for distribution, viewing, and imaging to third parties.

-Use this font for personal projects or for projects for which you are paid including, but not limited to, artwork, logotypes, personalized apparel, word art and web graphics.

YOU MAY NOT:

-Modify, adapt, translate, reverse engineer, decompile, disassemble or create derivative works based on the Nick's Fonts font data without Nick's Fonts's prior written consent.

-Sell this font data AS FONT DATA to a third party under any circumstances including, but not limited to, rubber-stamp alphabets, die-cut alphabets, rub-on alphabets, or digitized fonts for embroidery.
 
NICK'S FONTS SHALL NOT BE LIABLE FOR ANY DIRECT, INDIRECT, CONSEQUENTIAL OR INCIDENTAL DAMAGES ARISING OUT OF THE USE OF OR INABILITY TO USE THE NICK'S FONTS FONT DATA.",,"Copyright (c) 1999, 2001, 2006 Nick Curtis. All Rights Reserved. Distributed under the 1001Fonts Free For Commercial Use License (FFC) http://www.1001fonts.com/licenses/ffc.html - PayPal donations in any amount may be made at nicksfonts.com."
mordred/Mordred-Bold.ttf,Mordred-Bold.ttf,Mordred,Mordred,Bold,Mordred Bold,Mordred-Bold,Commercial-free use,1001Fonts Free For Commercial Use License (FFC),bundled 1001Fonts EULA / readme,local 1001fonts-*-eula.txt,OK for commercial use,Allows personal and commercial use; do not sell/publish the font files as a standalone font product.,,,"Copyright (c) Typographer Mediengestaltung, 2000. All rights reserved. Bold version made by D. Steffmann."
mordred/Mordred.ttf,Mordred.ttf,Mordred,Mordred,Regular,Mordred,Mordred,Commercial-free use,1001Fonts Free For Commercial Use License (FFC),bundled 1001Fonts EULA / readme,local 1001fonts-*-eula.txt,OK for commercial use,Allows personal and commercial use; do not sell/publish the font files as a standalone font product.,,,"Copyright (c) Typographer Mediengestaltung, 2000. All rights reserved. Designed by Paul Reid."
pcsenior.ttf,pcsenior.ttf,PC Senior,PC Senior,Regular,PC Senior Regular,PCSeniorReg,Commercial-free use,Custom freeware / 1001Fonts free for commercial use,1001Fonts / Fonts4Free / source mirrors,https://www.1001fonts.com/kongtext-font.html; https://www.1001fonts.com/lunchtime-doubly-so-font.html; https://www.1001fonts.com/manaspace-font.html; https://www.1001fonts.com/yoster-island-font.html; https://www.1001fonts.com/pc-senior-font.html,OK for commercial use,Commonly listed as personal + commercial free; preserve original license/readme where available.,,,TrueType conversion © 2001 codeman38.
raiderz/Raiderz/Raiderz.ttf,Raiderz.ttf,Raiderz,Raiderz,Regular,Raiderz,Raiderz,Commercial-free use,1001Fonts Free For Commercial Use License (FFC),bundled 1001Fonts EULA / readme,local 1001fonts-*-eula.txt,OK for commercial use,Allows personal and commercial use; do not sell/publish the font files as a standalone font product.,,,Typeface © <Chris Hansen>. 2005. All Rights Reserved
ricksamericannf/RicksAmericanNF.otf,RicksAmericanNF.otf,Ricks American NF,Ricks American NF,Regular,RicksAmericanNF,RicksAmericanNF,Commercial-free use,1001Fonts Free For Commercial Use License (FFC),bundled 1001Fonts EULA / readme,local 1001fonts-*-eula.txt,OK for commercial use,Allows personal and commercial use; do not sell/publish the font files as a standalone font product.,"By using or installing this font data, you (or you on behalf of your employer) agree to be bound by the terms of this Agreement. This Agreement constitutes the complete agreement between you and Nick's Fonts.

YOU MAY:

-Send a copy of any Nick's Fonts font data along with your documents to a commercial printer or other service bureau to enable the editing or printing of your document.

-Use this font data to embed fonts within PostScript files or PDF files for distribution, viewing, and imaging to third parties.

-Use this font for personal projects or for projects for which you are paid including, but not limited to, artwork, logotypes, personalized apparel, word art and web graphics.

YOU MAY NOT:

-Modify, adapt, translate, reverse engineer, decompile, disassemble or create derivative works based on the Nick's Fonts font data without Nick's Fonts's prior written consent.

-Sell this font data AS FONT DATA to a third party under any circumstances including, but not limited to, rubber-stamp alphabets, die-cut alphabets, rub-on alphabets, or digitized fonts for embroidery.
 
NICK'S FONTS SHALL NOT BE LIABLE FOR ANY DIRECT, INDIRECT, CONSEQUENTIAL OR INCIDENTAL DAMAGES ARISING OUT OF THE USE OF OR INABILITY TO USE THE NICK'S FONTS FONT DATA.",,"Copyright (c) 2002, 2006 Nick Curtis. All Rights Reserved. Distributed under the 1001Fonts Free For Commercial Use License (FFC) http://www.1001fonts.com/licenses/ffc.html - PayPal donations in any amount may be made at nicksfonts.com."
ricksamericannf/RicksAmericanNF.ttf,RicksAmericanNF.ttf,Ricks American NF,Ricks American NF,Regular,RicksAmericanNF,RicksAmericanNF,Commercial-free use,1001Fonts Free For Commercial Use License (FFC),bundled 1001Fonts EULA / readme,local 1001fonts-*-eula.txt,OK for commercial use,Allows personal and commercial use; do not sell/publish the font files as a standalone font product.,"By using or installing this font data, you (or you on behalf of your employer) agree to be bound by the terms of this Agreement. This Agreement constitutes the complete agreement between you and Nick's Fonts.

YOU MAY:

-Send a copy of any Nick's Fonts font data along with your documents to a commercial printer or other service bureau to enable the editing or printing of your document.

-Use this font data to embed fonts within PostScript files or PDF files for distribution, viewing, and imaging to third parties.

-Use this font for personal projects or for projects for which you are paid including, but not limited to, artwork, logotypes, personalized apparel, word art and web graphics.

YOU MAY NOT:

-Modify, adapt, translate, reverse engineer, decompile, disassemble or create derivative works based on the Nick's Fonts font data without Nick's Fonts's prior written consent.

-Sell this font data AS FONT DATA to a third party under any circumstances including, but not limited to, rubber-stamp alphabets, die-cut alphabets, rub-on alphabets, or digitized fonts for embroidery.
 
NICK'S FONTS SHALL NOT BE LIABLE FOR ANY DIRECT, INDIRECT, CONSEQUENTIAL OR INCIDENTAL DAMAGES ARISING OUT OF THE USE OF OR INABILITY TO USE THE NICK'S FONTS FONT DATA.",,"Copyright (c) 2002, 2006 Nick Curtis. All Rights Reserved. Distributed under the 1001Fonts Free For Commercial Use License (FFC) http://www.1001fonts.com/licenses/ffc.html - PayPal donations in any amount may be made at nicksfonts.com."
riffic/RifficFree-Bold.ttf,RifficFree-Bold.ttf,Riffic Free,Riffic Free,Bold,Riffic Free Bold,RifficFree-Bold,Commercial-free use,1001Fonts Free For Commercial Use License (FFC),bundled 1001Fonts EULA / readme,local 1001fonts-*-eula.txt,OK for commercial use,Allows personal and commercial use; do not sell/publish the font files as a standalone font product.,,,Copyright © 2016 by Inkyotter Design. All rights reserved.
special-elite/SpecialElite.ttf,SpecialElite.ttf,Special Elite,Special Elite,Regular,Special Elite,SpecialElite-Regular,Commercial-free use,Apache License 2.0,embedded metadata / bundled license / Google Fonts,local metadata; https://www.apache.org/licenses/LICENSE-2.0; https://fonts.google.com/faq,OK for commercial use,Archive metadata/license indicates Apache 2.0; newer Google Fonts copies of some families may now be OFL.,"Licensed under the Apache License, Version 2.0",http://www.apache.org/licenses/LICENSE-2.0,"Copyright (c) 2010 by Brian J. Bonislawsky DBA Astigmatic (AOETI). All rights reserved. Available under the Apache 2.0 licence.
http://www.apache.org/licenses/LICENSE-2.0.html"
terminal-grotesque.ttf,terminal-grotesque.ttf,Terminal Grotesque,Terminal Grotesque,Regular,Terminal Grotesque Regular,Terminal-Grotesque,Commercial-free use,SIL Open Font License 1.1,embedded metadata / bundled OFL / Google Fonts / 1001Fonts,local metadata or bundled OFL; https://openfontlicense.org/; https://fonts.google.com/faq,OK for commercial use,OFL permits commercial use and redistribution/bundling subject to OFL terms; do not sell the font by itself.,"Copyright (c) 2011, raphael (<URL|email>),
with Reserved Font Name Terminal Grotesque.

This Font Software is licensed under the SIL Open Font License, Version 1.1.
This license is copied below, and is also available with a FAQ at:
http://scripts.sil.org/OFL


-----------------------------------------------------------
SIL OPEN FONT LICENSE Version 1.1 - 26 February 2007
-----------------------------------------------------------

PREAMBLE
The goals of the Open Font License (OFL) are to stimulate worldwide
development of collaborative font projects, to support the font creation
efforts of academic and linguistic communities, and to provide a free and
open framework in which fonts may be shared and improved in partnership
with others.

The OFL allows the licensed fonts to be used, studied, modified and
redistributed freely as long as they are not sold by themselves. The
fonts, including any derivative works, can be bundled, embedded, 
redistributed and/or sold with any software provided that any reserved
names are not used by derivative works. The fonts and derivatives,
however, cannot be released under any other type of license. The
requirement for fonts to remain under this license does not apply
to any document created using the fonts or their derivatives.

DEFINITIONS
""Font Software"" refers to the set of files released by the Copyright
Holder(s) under this license and clearly marked as such. This may
include source files, build scripts and documentation.

""Reserved Font Name"" refers to any names specified as such after the
copyright statement(s).

""Original Version"" refers to the collection of Font Software components as
distributed by the Copyright Holder(s).

""Modified Version"" refers to any derivative made by adding to, deleting,
or substituting -- in part or in whole -- any of the components of the
Original Version, by changing formats or by porting the Font Software to a
new environment.

""Author"" refers to any designer, engineer, programmer, technical
writer or other person who contributed to the Font Software.

PERMISSION & CONDITIONS
Permission is hereby granted, free of charge, to any person obtaining
a copy of the Font Software, to use, study, copy, merge, embed, modify,
redistribute, and sell modified and unmodified copies of the Font
Software, subject to the following conditions:

1) Neither the Font Software nor any of its individual components,
in Original or Modified Versions, may be sold by itself.

2) Original or Modified Versions of the Font Software may be bundled,
redistributed and/or sold with any software, provided that each copy
contains the above copyright notice and this license. These can be
included either as stand-alone text files, human-readable headers or
in the appropriate machine-readable metadata fields within text or
binary files as long as those fields can be easily viewed by the user.

3) No Modified Version of the Font Software may use the Reserved Font
Name(s) unless explicit written permission is granted by the corresponding
Copyright Holder. This restriction only applies to the primary font name as
presented to the users.

4) The name(s) of the Copyright Holder(s) or the Author(s) of the Font
Software shall not be used to promote, endorse or advertise any
Modified Version, except to acknowledge the contribution(s) of the
Copyright Holder(s) and the Author(s) or with their explicit written
permission.

5) The Font Software, modified or unmodified, in part or in whole,
must be distributed entirely under this license, and must not be
distributed under any other license. The requirement for fonts to
remain under this license does not apply to any document created
using the Font Software.

TERMINATION
This license becomes null and void if any of the above conditions are
not met.

DISCLAIMER
THE FONT SOFTWARE IS PROVIDED ""AS IS"", WITHOUT WARRANTY OF ANY KIND,
EXPRESS OR IMPLIED, INCLUDING BUT NOT LIMITED TO ANY WARRANTIES OF
MERCHANTABILITY, FITNESS FOR A PARTICULAR PURPOSE AND NONINFRINGEMENT
OF COPYRIGHT, PATENT, TRADEMARK, OR OTHER RIGHT. IN NO EVENT SHALL THE
COPYRIGHT HOLDER BE LIABLE FOR ANY CLAIM, DAMAGES OR OTHER LIABILITY,
INCLUDING ANY GENERAL, SPECIAL, INDIRECT, INCIDENTAL, OR CONSEQUENTIAL
DAMAGES, WHETHER IN AN ACTION OF CONTRACT, TORT OR OTHERWISE, ARISING
FROM, OUT OF THE USE OR INABILITY TO USE THE FONT SOFTWARE OR FROM
OTHER DEALINGS IN THE FONT SOFTWARE.",http://scripts.sil.org/OFL,Copyright Rapha Bastide 2011
terminal-grotesque_open.otf,terminal-grotesque_open.otf,Terminal Grotesque Open,Terminal Grotesque Open,Open,Terminal Grotesque Open,TerminalGrotesque-Open,Commercial-free use,SIL Open Font License 1.1,embedded metadata / bundled OFL / Google Fonts / 1001Fonts,local metadata or bundled OFL; https://openfontlicense.org/; https://fonts.google.com/faq,OK for commercial use,OFL permits commercial use and redistribution/bundling subject to OFL terms; do not sell the font by itself.,"Copyright (c) 2011, raphael (<URL|email>),
with Reserved Font Name Terminal Grotesque.

This Font Software is licensed under the SIL Open Font License, Version 1.1.
This license is copied below, and is also available with a FAQ at:
http://scripts.sil.org/OFL


-----------------------------------------------------------
SIL OPEN FONT LICENSE Version 1.1 - 26 February 2007
-----------------------------------------------------------

PREAMBLE
The goals of the Open Font License (OFL) are to stimulate worldwide
development of collaborative font projects, to support the font creation
efforts of academic and linguistic communities, and to provide a free and
open framework in which fonts may be shared and improved in partnership
with others.

The OFL allows the licensed fonts to be used, studied, modified and
redistributed freely as long as they are not sold by themselves. The
fonts, including any derivative works, can be bundled, embedded, 
redistributed and/or sold with any software provided that any reserved
names are not used by derivative works. The fonts and derivatives,
however, cannot be released under any other type of license. The
requirement for fonts to remain under this license does not apply
to any document created using the fonts or their derivatives.

DEFINITIONS
""Font Software"" refers to the set of files released by the Copyright
Holder(s) under this license and clearly marked as such. This may
include source files, build scripts and documentation.

""Reserved Font Name"" refers to any names specified as such after the
copyright statement(s).

""Original Version"" refers to the collection of Font Software components as
distributed by the Copyright Holder(s).

""Modified Version"" refers to any derivative made by adding to, deleting,
or substituting -- in part or in whole -- any of the components of the
Original Version, by changing formats or by porting the Font Software to a
new environment.

""Author"" refers to any designer, engineer, programmer, technical
writer or other person who contributed to the Font Software.

PERMISSION & CONDITIONS
Permission is hereby granted, free of charge, to any person obtaining
a copy of the Font Software, to use, study, copy, merge, embed, modify,
redistribute, and sell modified and unmodified copies of the Font
Software, subject to the following conditions:

1) Neither the Font Software nor any of its individual components,
in Original or Modified Versions, may be sold by itself.

2) Original or Modified Versions of the Font Software may be bundled,
redistributed and/or sold with any software, provided that each copy
contains the above copyright notice and this license. These can be
included either as stand-alone text files, human-readable headers or
in the appropriate machine-readable metadata fields within text or
binary files as long as those fields can be easily viewed by the user.

3) No Modified Version of the Font Software may use the Reserved Font
Name(s) unless explicit written permission is granted by the corresponding
Copyright Holder. This restriction only applies to the primary font name as
presented to the users.

4) The name(s) of the Copyright Holder(s) or the Author(s) of the Font
Software shall not be used to promote, endorse or advertise any
Modified Version, except to acknowledge the contribution(s) of the
Copyright Holder(s) and the Author(s) or with their explicit written
permission.

5) The Font Software, modified or unmodified, in part or in whole,
must be distributed entirely under this license, and must not be
distributed under any other license. The requirement for fonts to
remain under this license does not apply to any document created
using the Font Software.

TERMINATION
This license becomes null and void if any of the above conditions are
not met.

DISCLAIMER
THE FONT SOFTWARE IS PROVIDED ""AS IS"", WITHOUT WARRANTY OF ANY KIND,
EXPRESS OR IMPLIED, INCLUDING BUT NOT LIMITED TO ANY WARRANTIES OF
MERCHANTABILITY, FITNESS FOR A PARTICULAR PURPOSE AND NONINFRINGEMENT
OF COPYRIGHT, PATENT, TRADEMARK, OR OTHER RIGHT. IN NO EVENT SHALL THE
COPYRIGHT HOLDER BE LIABLE FOR ANY CLAIM, DAMAGES OR OTHER LIABILITY,
INCLUDING ANY GENERAL, SPECIAL, INDIRECT, INCIDENTAL, OR CONSEQUENTIAL
DAMAGES, WHETHER IN AN ACTION OF CONTRACT, TORT OR OTHERWISE, ARISING
FROM, OUT OF THE USE OR INABILITY TO USE THE FONT SOFTWARE OR FROM
OTHER DEALINGS IN THE FONT SOFTWARE.",http://scripts.sil.org/OFL,Copyright Raphael Bastide 2011 Forked by Jérémy Landes Nones
vectroid/Vectroid.otf,Vectroid.otf,Vectroid,Vectroid,Regular,Vectroid-Regular,Vectroid-Regular,Commercial-free use,Creative Commons Zero (CC0),bundled local license file,local License.txt / license.txt,OK for commercial use,Public-domain-style CC0 dedication in bundled license.,,https://creativecommons.org/publicdomain/zero/1.0/,Released in 2022 under CC0 license. No rights reserved.
yanone-tagesschrift/YanoneTagesschrift.ttf,YanoneTagesschrift.ttf,Yanone Tagesschrift,Yanone Tagesschrift,Regular,Yanone Tagesschrift,YanoneTagesschrift,Commercial-free use,Creative Commons Attribution / OFL depending on source version,embedded metadata / 1001Fonts / source mirrors,https://www.1001fonts.com/yanone-tagesschrift-font.html,OK for commercial use,Archive metadata says Creative Commons BY; later/open-source notices often identify OFL. Preserve attribution if using this archived file.,"Creative Commons ""By"" License",http://creativecommons.org/licenses/by/2.0/de/,"Copyright (c) Yanone, 2005. All rights reserved."
yoster.ttf,yoster.ttf,Yoster Island,Yoster Island,Regular,Yoster Island Regular,YosterIslandReg,Commercial-free use,Custom freeware / 1001Fonts free for commercial use,1001Fonts / Fonts4Free / source mirrors,https://www.1001fonts.com/kongtext-font.html; https://www.1001fonts.com/lunchtime-doubly-so-font.html; https://www.1001fonts.com/manaspace-font.html; https://www.1001fonts.com/yoster-island-font.html; https://www.1001fonts.com/pc-senior-font.html,OK for commercial use,Commonly listed as personal + commercial free; preserve original license/readme where available.,,,TrueType conversion © 2003 codeman38.
{ogrejuice}2.ttf,{ogrejuice}2.ttf,{ogrejuice},{ogrejuice},Regular,{ogrejuice},ogrejuice,Commercial-free use,1001Fonts free for commercial use,1001Fonts,https://www.1001fonts.com/ogrejuice-font.html,OK for commercial use,Listed free for personal and commercial use.,,,Typeface © <your company>. 2003. All Rights Reserved
